customer_sk,customer_id,city,state,signup_date,effective_from,effective_to,is_current
2002,10,Ahmedabad,Gujarat,2019-06-19,2026-10-01,9999-12-31,True
2004,13,Mumbai,Maharashtra,2019-05-24,2026-10-01,9999-12-31,True
2006,15,Mumbai,Maharashtra,2022-04-21,2026-10-01,9999-12-31,True
2008,16,Patna,Bihar,2023-04-10,2026-10-01,9999-12-31,True
2010,18,Chennai,Tamil Nadu,2020-11-06,2026-10-01,9999-12-31,True
2012,19,Hyderabad,Telangana,2022-07-04,2026-10-01,9999-12-31,True
2014,23,Jaipur,Rajasthan,2023-02-08,2026-10-01,9999-12-31,True
2016,24,Hyderabad,Telangana,2020-05-03,2026-10-01,9999-12-31,True
2018,39,Kochi,Kerala,2023-05-08,2026-10-01,9999-12-31,True
2020,55,Patna,Bihar,2019-05-04,2026-10-01,9999-12-31,True
2022,62,Pune,Maharashtra,2022-05-13,2026-10-01,9999-12-31,True
2024,83,Delhi,Delhi,2020-07-31,2026-10-01,9999-12-31,True
2026,94,Mumbai,Maharashtra,2019-07-30,2026-10-01,9999-12-31,True
2028,102,Kochi,Kerala,2023-09-21,2026-10-01,9999-12-31,True
2030,108,Ahmedabad,Gujarat,2023-08-17,2026-10-01,9999-12-31,True
2032,109,Chennai,Tamil Nadu,2023-11-17,2026-10-01,9999-12-31,True
2034,112,Chandigarh,Chandigarh,2019-10-18,2026-10-01,9999-12-31,True
2036,130,Chennai,Tamil Nadu,2021-07-14,2026-10-01,9999-12-31,True
2038,138,Hyderabad,Telangana,2020-06-01,2026-10-01,9999-12-31,True
2040,142,Jaipur,Rajasthan,2022-01-20,2026-10-01,9999-12-31,True
2042,145,Kochi,Kerala,2022-04-12,2026-10-01,9999-12-31,True
2044,150,Delhi,Delhi,2023-12-08,2026-10-01,9999-12-31,True
2046,167,Hyderabad,Telangana,2020-02-05,2026-10-01,9999-12-31,True
1,1,Kochi,Kerala,2022-09-15,1900-01-01,9999-12-31,True
2,2,Ahmedabad,Gujarat,2019-09-12,1900-01-01,9999-12-31,True
3,3,Mumbai,Maharashtra,2021-12-13,1900-01-01,9999-12-31,True
4,4,Mumbai,Maharashtra,2019-06-20,1900-01-01,9999-12-31,True
5,5,Hyderabad,Telangana,2022-01-03,1900-01-01,9999-12-31,True
6,6,Lucknow,Uttar Pradesh,2020-02-07,1900-01-01,9999-12-31,True
7,7,Chandigarh,Chandigarh,2022-10-16,1900-01-01,9999-12-31,True
8,8,Kolkata,West Bengal,2020-09-12,1900-01-01,9999-12-31,True
9,9,Patna,Bihar,2023-10-13,1900-01-01,9999-12-31,True
10,10,Mumbai,Maharashtra,2019-06-19,1900-01-01,2026-10-01,False
11,11,Patna,Bihar,2023-03-27,1900-01-01,9999-12-31,True
12,12,Patna,Bihar,2022-08-24,1900-01-01,9999-12-31,True
13,13,Jaipur,Rajasthan,2019-05-24,1900-01-01,2026-10-01,False
14,14,Delhi,Delhi,2021-11-19,1900-01-01,9999-12-31,True
15,15,Kochi,Kerala,2022-04-21,1900-01-01,2026-10-01,False
16,16,Bhubaneswar,Odisha,2023-04-10,1900-01-01,2026-10-01,False
17,17,Chandigarh,Chandigarh,2020-05-22,1900-01-01,9999-12-31,True
18,18,Bengaluru,Karnataka,2020-11-06,1900-01-01,2026-10-01,False
19,19,Kolkata,West Bengal,2022-07-04,1900-01-01,2026-10-01,False
20,20,Chandigarh,Chandigarh,2021-09-01,1900-01-01,9999-12-31,True
21,21,Mumbai,Maharashtra,2021-04-23,1900-01-01,9999-12-31,True
22,22,Chandigarh,Chandigarh,2022-06-03,1900-01-01,9999-12-31,True
23,23,Bengaluru,Karnataka,2023-02-08,1900-01-01,2026-10-01,False
24,24,Pune,Maharashtra,2020-05-03,1900-01-01,2026-10-01,False
25,25,Chandigarh,Chandigarh,2020-01-24,1900-01-01,9999-12-31,True
26,26,Bhubaneswar,Odisha,2023-06-03,1900-01-01,9999-12-31,True
27,27,Chennai,Tamil Nadu,2020-04-28,1900-01-01,9999-12-31,True
28,28,Chennai,Tamil Nadu,2020-04-24,1900-01-01,9999-12-31,True
29,29,Pune,Maharashtra,2020-10-22,1900-01-01,9999-12-31,True
30,30,Hyderabad,Telangana,2021-06-19,1900-01-01,9999-12-31,True
31,31,Bhubaneswar,Odisha,2019-10-06,1900-01-01,9999-12-31,True
32,32,Ahmedabad,Gujarat,2021-12-24,1900-01-01,9999-12-31,True
33,33,Chandigarh,Chandigarh,2021-12-23,1900-01-01,9999-12-31,True
34,34,Delhi,Delhi,2020-04-03,1900-01-01,9999-12-31,True
35,35,Mumbai,Maharashtra,2022-05-29,1900-01-01,9999-12-31,True
36,36,Patna,Bihar,2019-07-23,1900-01-01,9999-12-31,True
37,37,Bengaluru,Karnataka,2021-04-08,1900-01-01,9999-12-31,True
38,38,Bengaluru,Karnataka,2022-10-22,1900-01-01,9999-12-31,True
39,39,Lucknow,Uttar Pradesh,2023-05-08,1900-01-01,2026-10-01,False
40,40,Kochi,Kerala,2022-01-16,1900-01-01,9999-12-31,True
41,41,Pune,Maharashtra,2022-10-23,1900-01-01,9999-12-31,True
42,42,Ahmedabad,Gujarat,2021-06-10,1900-01-01,9999-12-31,True
43,43,Patna,Bihar,2023-05-23,1900-01-01,9999-12-31,True
44,44,Guwahati,Assam,2019-04-16,1900-01-01,9999-12-31,True
45,45,Patna,Bihar,2022-08-28,1900-01-01,9999-12-31,True
46,46,Chandigarh,Chandigarh,2022-10-29,1900-01-01,9999-12-31,True
47,47,Kolkata,West Bengal,2023-09-24,1900-01-01,9999-12-31,True
48,48,Mumbai,Maharashtra,2021-08-21,1900-01-01,9999-12-31,True
49,49,Hyderabad,Telangana,2023-08-23,1900-01-01,9999-12-31,True
50,50,Pune,Maharashtra,2020-12-29,1900-01-01,9999-12-31,True
51,51,Guwahati,Assam,2023-06-30,1900-01-01,9999-12-31,True
52,52,Chandigarh,Chandigarh,2020-03-28,1900-01-01,9999-12-31,True
53,53,Lucknow,Uttar Pradesh,2019-02-08,1900-01-01,9999-12-31,True
54,54,Jaipur,Rajasthan,2019-01-14,1900-01-01,9999-12-31,True
55,55,Hyderabad,Telangana,2019-05-04,1900-01-01,2026-10-01,False
56,56,Ahmedabad,Gujarat,2019-05-10,1900-01-01,9999-12-31,True
57,57,Bengaluru,Karnataka,2022-05-05,1900-01-01,9999-12-31,True
58,58,Chennai,Tamil Nadu,2019-08-30,1900-01-01,9999-12-31,True
59,59,Pune,Maharashtra,2022-12-02,1900-01-01,9999-12-31,True
60,60,Kolkata,West Bengal,2019-06-22,1900-01-01,9999-12-31,True
61,61,Jaipur,Rajasthan,2021-02-12,1900-01-01,9999-12-31,True
62,62,Mumbai,Maharashtra,2022-05-13,1900-01-01,2026-10-01,False
63,63,Jaipur,Rajasthan,2021-01-04,1900-01-01,9999-12-31,True
64,64,Pune,Maharashtra,2020-03-29,1900-01-01,9999-12-31,True
65,65,Hyderabad,Telangana,2021-03-29,1900-01-01,9999-12-31,True
66,66,Lucknow,Uttar Pradesh,2020-05-23,1900-01-01,9999-12-31,True
67,67,Lucknow,Uttar Pradesh,2021-03-19,1900-01-01,9999-12-31,True
68,68,Delhi,Delhi,2022-04-05,1900-01-01,9999-12-31,True
69,69,Guwahati,Assam,2023-08-18,1900-01-01,9999-12-31,True
70,70,Bhubaneswar,Odisha,2021-01-11,1900-01-01,9999-12-31,True
71,71,Delhi,Delhi,2023-04-27,1900-01-01,9999-12-31,True
72,72,Patna,Bihar,2020-11-22,1900-01-01,9999-12-31,True
73,73,Jaipur,Rajasthan,2023-08-18,1900-01-01,9999-12-31,True
74,74,Patna,Bihar,2021-02-10,1900-01-01,9999-12-31,True
75,75,Jaipur,Rajasthan,2019-12-13,1900-01-01,9999-12-31,True
76,76,Lucknow,Uttar Pradesh,2021-11-23,1900-01-01,9999-12-31,True
77,77,Hyderabad,Telangana,2019-04-15,1900-01-01,9999-12-31,True
78,78,Guwahati,Assam,2023-08-05,1900-01-01,9999-12-31,True
79,79,Kochi,Kerala,2023-10-20,1900-01-01,9999-12-31,True
80,80,Jaipur,Rajasthan,2019-05-06,1900-01-01,9999-12-31,True
81,81,Kolkata,West Bengal,2021-01-06,1900-01-01,9999-12-31,True
82,82,Chandigarh,Chandigarh,2022-02-04,1900-01-01,9999-12-31,True
83,83,Patna,Bihar,2020-07-31,1900-01-01,2026-10-01,False
84,84,Hyderabad,Telangana,2022-05-07,1900-01-01,9999-12-31,True
85,85,Delhi,Delhi,2020-04-29,1900-01-01,9999-12-31,True
86,86,Jaipur,Rajasthan,2021-04-14,1900-01-01,9999-12-31,True
87,87,Delhi,Delhi,2021-04-16,1900-01-01,9999-12-31,True
88,88,Bengaluru,Karnataka,2021-09-08,1900-01-01,9999-12-31,True
89,89,Hyderabad,Telangana,2019-08-30,1900-01-01,9999-12-31,True
90,90,Kochi,Kerala,2023-05-24,1900-01-01,9999-12-31,True
91,91,Delhi,Delhi,2019-10-15,1900-01-01,9999-12-31,True
92,92,Pune,Maharashtra,2019-01-15,1900-01-01,9999-12-31,True
93,93,Chennai,Tamil Nadu,2023-09-10,1900-01-01,9999-12-31,True
94,94,Kolkata,West Bengal,2019-07-30,1900-01-01,2026-10-01,False
95,95,Kolkata,West Bengal,2020-05-12,1900-01-01,9999-12-31,True
96,96,Jaipur,Rajasthan,2020-01-07,1900-01-01,9999-12-31,True
97,97,Pune,Maharashtra,2021-06-10,1900-01-01,9999-12-31,True
98,98,Guwahati,Assam,2022-03-03,1900-01-01,9999-12-31,True
99,99,Kolkata,West Bengal,2019-01-07,1900-01-01,9999-12-31,True
100,100,Chennai,Tamil Nadu,2019-10-22,1900-01-01,9999-12-31,True
101,101,Chandigarh,Chandigarh,2021-10-20,1900-01-01,9999-12-31,True
102,102,Lucknow,Uttar Pradesh,2023-09-21,1900-01-01,2026-10-01,False
103,103,Kolkata,West Bengal,2023-03-04,1900-01-01,9999-12-31,True
104,104,Bengaluru,Karnataka,2019-08-21,1900-01-01,9999-12-31,True
105,105,Patna,Bihar,2023-06-29,1900-01-01,9999-12-31,True
106,106,Hyderabad,Telangana,2020-01-19,1900-01-01,9999-12-31,True
107,107,Bengaluru,Karnataka,2020-10-07,1900-01-01,9999-12-31,True
108,108,Bengaluru,Karnataka,2023-08-17,1900-01-01,2026-10-01,False
109,109,Patna,Bihar,2023-11-17,1900-01-01,2026-10-01,False
110,110,Kolkata,West Bengal,2019-02-15,1900-01-01,9999-12-31,True
111,111,Bhubaneswar,Odisha,2023-01-04,1900-01-01,9999-12-31,True
112,112,Delhi,Delhi,2019-10-18,1900-01-01,2026-10-01,False
113,113,Pune,Maharashtra,2023-05-11,1900-01-01,9999-12-31,True
114,114,Ahmedabad,Gujarat,2019-12-31,1900-01-01,9999-12-31,True
115,115,Pune,Maharashtra,2020-07-10,1900-01-01,9999-12-31,True
116,116,Kolkata,West Bengal,2019-02-13,1900-01-01,9999-12-31,True
117,117,Bhubaneswar,Odisha,2020-08-22,1900-01-01,9999-12-31,True
118,118,Chandigarh,Chandigarh,2020-10-02,1900-01-01,9999-12-31,True
119,119,Chandigarh,Chandigarh,2022-05-25,1900-01-01,9999-12-31,True
120,120,Patna,Bihar,2019-07-30,1900-01-01,9999-12-31,True
121,121,Kochi,Kerala,2021-11-25,1900-01-01,9999-12-31,True
122,122,Hyderabad,Telangana,2019-07-17,1900-01-01,9999-12-31,True
123,123,Bengaluru,Karnataka,2022-08-22,1900-01-01,9999-12-31,True
124,124,Bengaluru,Karnataka,2022-01-11,1900-01-01,9999-12-31,True
125,125,Jaipur,Rajasthan,2020-12-03,1900-01-01,9999-12-31,True
126,126,Chennai,Tamil Nadu,2019-03-23,1900-01-01,9999-12-31,True
127,127,Bhubaneswar,Odisha,2021-08-06,1900-01-01,9999-12-31,True
128,128,Mumbai,Maharashtra,2021-02-26,1900-01-01,9999-12-31,True
129,129,Jaipur,Rajasthan,2022-04-25,1900-01-01,9999-12-31,True
130,130,Kolkata,West Bengal,2021-07-14,1900-01-01,2026-10-01,False
131,131,Jaipur,Rajasthan,2021-01-04,1900-01-01,9999-12-31,True
132,132,Kolkata,West Bengal,2019-12-17,1900-01-01,9999-12-31,True
133,133,Jaipur,Rajasthan,2022-01-28,1900-01-01,9999-12-31,True
134,134,Lucknow,Uttar Pradesh,2021-09-26,1900-01-01,9999-12-31,True
135,135,Mumbai,Maharashtra,2020-06-07,1900-01-01,9999-12-31,True
136,136,Bhubaneswar,Odisha,2021-04-28,1900-01-01,9999-12-31,True
137,137,Bengaluru,Karnataka,2021-07-21,1900-01-01,9999-12-31,True
138,138,Bengaluru,Karnataka,2020-06-01,1900-01-01,2026-10-01,False
139,139,Kochi,Kerala,2023-02-02,1900-01-01,9999-12-31,True
140,140,Jaipur,Rajasthan,2020-02-14,1900-01-01,9999-12-31,True
141,141,Bhubaneswar,Odisha,2019-02-14,1900-01-01,9999-12-31,True
142,142,Bengaluru,Karnataka,2022-01-20,1900-01-01,2026-10-01,False
143,143,Kolkata,West Bengal,2021-01-26,1900-01-01,9999-12-31,True
144,144,Pune,Maharashtra,2021-06-21,1900-01-01,9999-12-31,True
145,145,Chandigarh,Chandigarh,2022-04-12,1900-01-01,2026-10-01,False
146,146,Kolkata,West Bengal,2022-11-21,1900-01-01,9999-12-31,True
147,147,Bhubaneswar,Odisha,2023-01-07,1900-01-01,9999-12-31,True
148,148,Kochi,Kerala,2019-04-02,1900-01-01,9999-12-31,True
149,149,Ahmedabad,Gujarat,2021-04-13,1900-01-01,9999-12-31,True
150,150,Jaipur,Rajasthan,2023-12-08,1900-01-01,2026-10-01,False
151,151,Hyderabad,Telangana,2022-01-23,1900-01-01,9999-12-31,True
152,152,Mumbai,Maharashtra,2023-02-24,1900-01-01,9999-12-31,True
153,153,Kochi,Kerala,2022-09-19,1900-01-01,9999-12-31,True
154,154,Kochi,Kerala,2020-04-18,1900-01-01,9999-12-31,True
155,155,Bengaluru,Karnataka,2022-10-29,1900-01-01,9999-12-31,True
156,156,Kochi,Kerala,2020-05-16,1900-01-01,9999-12-31,True
157,157,Jaipur,Rajasthan,2020-03-03,1900-01-01,9999-12-31,True
158,158,Lucknow,Uttar Pradesh,2023-06-18,1900-01-01,9999-12-31,True
159,159,Patna,Bihar,2019-10-03,1900-01-01,9999-12-31,True
160,160,Lucknow,Uttar Pradesh,2022-07-13,1900-01-01,9999-12-31,True
161,161,Delhi,Delhi,2021-01-13,1900-01-01,9999-12-31,True
162,162,Bengaluru,Karnataka,2019-04-24,1900-01-01,9999-12-31,True
163,163,Jaipur,Rajasthan,2023-07-10,1900-01-01,9999-12-31,True
164,164,Patna,Bihar,2021-05-20,1900-01-01,9999-12-31,True
165,165,Kolkata,West Bengal,2022-10-07,1900-01-01,9999-12-31,True
166,166,Delhi,Delhi,2022-09-26,1900-01-01,9999-12-31,True
167,167,Chennai,Tamil Nadu,2020-02-05,1900-01-01,2026-10-01,False
168,168,Patna,Bihar,2019-02-22,1900-01-01,9999-12-31,True
169,169,Jaipur,Rajasthan,2022-08-14,1900-01-01,9999-12-31,True
170,170,Bengaluru,Karnataka,2023-11-25,1900-01-01,9999-12-31,True
171,171,Chennai,Tamil Nadu,2021-12-16,1900-01-01,9999-12-31,True
172,172,Delhi,Delhi,2022-03-19,1900-01-01,9999-12-31,True
173,173,Kolkata,West Bengal,2019-11-28,1900-01-01,9999-12-31,True
174,174,Mumbai,Maharashtra,2020-08-20,1900-01-01,9999-12-31,True
175,175,Guwahati,Assam,2020-09-07,1900-01-01,9999-12-31,True
176,176,Kochi,Kerala,2022-10-04,1900-01-01,9999-12-31,True
177,177,Kolkata,West Bengal,2023-03-04,1900-01-01,9999-12-31,True
178,178,Kochi,Kerala,2022-09-28,1900-01-01,9999-12-31,True
179,179,Delhi,Delhi,2020-02-14,1900-01-01,9999-12-31,True
180,180,Pune,Maharashtra,2022-10-08,1900-01-01,9999-12-31,True
181,181,Guwahati,Assam,2023-03-12,1900-01-01,9999-12-31,True
182,182,Lucknow,Uttar Pradesh,2019-08-19,1900-01-01,9999-12-31,True
183,183,Bhubaneswar,Odisha,2021-04-28,1900-01-01,9999-12-31,True
184,184,Chandigarh,Chandigarh,2019-11-03,1900-01-01,9999-12-31,True
185,185,Kochi,Kerala,2023-10-27,1900-01-01,9999-12-31,True
186,186,Bengaluru,Karnataka,2023-08-23,1900-01-01,9999-12-31,True
187,187,Hyderabad,Telangana,2023-09-15,1900-01-01,9999-12-31,True
188,188,Jaipur,Rajasthan,2021-12-16,1900-01-01,9999-12-31,True
189,189,Hyderabad,Telangana,2022-06-26,1900-01-01,9999-12-31,True
190,190,Patna,Bihar,2022-12-24,1900-01-01,9999-12-31,True
191,191,Kochi,Kerala,2021-08-30,1900-01-01,9999-12-31,True
192,192,Guwahati,Assam,2021-07-12,1900-01-01,9999-12-31,True
193,193,Delhi,Delhi,2023-03-31,1900-01-01,9999-12-31,True
194,194,Guwahati,Assam,2021-03-02,1900-01-01,9999-12-31,True
195,195,Lucknow,Uttar Pradesh,2022-07-14,1900-01-01,9999-12-31,True
196,196,Chandigarh,Chandigarh,2022-09-01,1900-01-01,9999-12-31,True
197,197,Guwahati,Assam,2022-11-14,1900-01-01,9999-12-31,True
198,198,Jaipur,Rajasthan,2023-02-15,1900-01-01,9999-12-31,True
199,199,Pune,Maharashtra,2023-04-04,1900-01-01,9999-12-31,True
200,200,Bhubaneswar,Odisha,2023-05-28,1900-01-01,9999-12-31,True
201,201,Chennai,Tamil Nadu,2021-11-05,1900-01-01,9999-12-31,True
202,202,Patna,Bihar,2019-02-22,1900-01-01,9999-12-31,True
203,203,Hyderabad,Telangana,2021-06-08,1900-01-01,9999-12-31,True
204,204,Kochi,Kerala,2020-09-13,1900-01-01,9999-12-31,True
205,205,Mumbai,Maharashtra,2021-07-31,1900-01-01,9999-12-31,True
206,206,Guwahati,Assam,2020-03-16,1900-01-01,9999-12-31,True
207,207,Kolkata,West Bengal,2021-10-10,1900-01-01,9999-12-31,True
208,208,Kochi,Kerala,2022-03-24,1900-01-01,9999-12-31,True
209,209,Jaipur,Rajasthan,2022-12-18,1900-01-01,9999-12-31,True
210,210,Delhi,Delhi,2020-02-09,1900-01-01,9999-12-31,True
211,211,Kochi,Kerala,2022-04-26,1900-01-01,9999-12-31,True
212,212,Pune,Maharashtra,2021-10-07,1900-01-01,9999-12-31,True
213,213,Hyderabad,Telangana,2023-12-24,1900-01-01,9999-12-31,True
214,214,Ahmedabad,Gujarat,2022-07-06,1900-01-01,9999-12-31,True
215,215,Patna,Bihar,2020-04-03,1900-01-01,9999-12-31,True
216,216,Hyderabad,Telangana,2020-07-29,1900-01-01,9999-12-31,True
217,217,Bhubaneswar,Odisha,2020-01-30,1900-01-01,9999-12-31,True
218,218,Lucknow,Uttar Pradesh,2022-08-15,1900-01-01,9999-12-31,True
219,219,Ahmedabad,Gujarat,2023-02-28,1900-01-01,9999-12-31,True
220,220,Bengaluru,Karnataka,2020-10-20,1900-01-01,9999-12-31,True
221,221,Delhi,Delhi,2022-07-16,1900-01-01,9999-12-31,True
222,222,Mumbai,Maharashtra,2019-03-25,1900-01-01,9999-12-31,True
223,223,Bengaluru,Karnataka,2022-06-26,1900-01-01,9999-12-31,True
224,224,Ahmedabad,Gujarat,2019-07-07,1900-01-01,9999-12-31,True
225,225,Hyderabad,Telangana,2021-05-06,1900-01-01,9999-12-31,True
226,226,Kolkata,West Bengal,2019-12-03,1900-01-01,9999-12-31,True
227,227,Chandigarh,Chandigarh,2023-09-14,1900-01-01,9999-12-31,True
228,228,Lucknow,Uttar Pradesh,2023-02-09,1900-01-01,9999-12-31,True
229,229,Ahmedabad,Gujarat,2019-05-16,1900-01-01,9999-12-31,True
230,230,Pune,Maharashtra,2019-09-30,1900-01-01,9999-12-31,True
231,231,Chennai,Tamil Nadu,2023-12-19,1900-01-01,9999-12-31,True
232,232,Patna,Bihar,2022-01-11,1900-01-01,9999-12-31,True
233,233,Hyderabad,Telangana,2020-11-25,1900-01-01,9999-12-31,True
234,234,Bengaluru,Karnataka,2023-04-19,1900-01-01,9999-12-31,True
235,235,Jaipur,Rajasthan,2021-11-03,1900-01-01,9999-12-31,True
236,236,Bhubaneswar,Odisha,2023-09-26,1900-01-01,9999-12-31,True
237,237,Jaipur,Rajasthan,2020-04-27,1900-01-01,9999-12-31,True
238,238,Patna,Bihar,2020-03-13,1900-01-01,9999-12-31,True
239,239,Mumbai,Maharashtra,2019-01-05,1900-01-01,9999-12-31,True
240,240,Ahmedabad,Gujarat,2020-06-15,1900-01-01,9999-12-31,True
241,241,Hyderabad,Telangana,2022-07-14,1900-01-01,9999-12-31,True
242,242,Hyderabad,Telangana,2022-06-08,1900-01-01,9999-12-31,True
243,243,Bengaluru,Karnataka,2021-02-14,1900-01-01,9999-12-31,True
244,244,Chennai,Tamil Nadu,2023-07-16,1900-01-01,9999-12-31,True
245,245,Kochi,Kerala,2019-04-19,1900-01-01,9999-12-31,True
246,246,Chandigarh,Chandigarh,2021-03-12,1900-01-01,9999-12-31,True
247,247,Delhi,Delhi,2022-07-01,1900-01-01,9999-12-31,True
248,248,Bengaluru,Karnataka,2021-09-12,1900-01-01,9999-12-31,True
249,249,Kolkata,West Bengal,2021-12-27,1900-01-01,9999-12-31,True
250,250,Mumbai,Maharashtra,2022-01-06,1900-01-01,9999-12-31,True
251,251,Hyderabad,Telangana,2020-02-22,1900-01-01,9999-12-31,True
252,252,Chandigarh,Chandigarh,2021-11-17,1900-01-01,9999-12-31,True
253,253,Guwahati,Assam,2021-08-05,1900-01-01,9999-12-31,True
254,254,Hyderabad,Telangana,2019-11-28,1900-01-01,9999-12-31,True
255,255,Delhi,Delhi,2023-11-04,1900-01-01,9999-12-31,True
256,256,Delhi,Delhi,2021-01-15,1900-01-01,9999-12-31,True
257,257,Ahmedabad,Gujarat,2023-04-15,1900-01-01,9999-12-31,True
258,258,Kochi,Kerala,2022-06-19,1900-01-01,9999-12-31,True
259,259,Hyderabad,Telangana,2023-01-24,1900-01-01,9999-12-31,True
260,260,Kochi,Kerala,2019-06-10,1900-01-01,9999-12-31,True
261,261,Kochi,Kerala,2019-07-31,1900-01-01,9999-12-31,True
262,262,Pune,Maharashtra,2023-02-14,1900-01-01,9999-12-31,True
263,263,Patna,Bihar,2021-01-24,1900-01-01,9999-12-31,True
264,264,Chennai,Tamil Nadu,2020-10-22,1900-01-01,9999-12-31,True
265,265,Bhubaneswar,Odisha,2022-10-18,1900-01-01,9999-12-31,True
266,266,Mumbai,Maharashtra,2021-09-29,1900-01-01,9999-12-31,True
267,267,Pune,Maharashtra,2023-05-27,1900-01-01,9999-12-31,True
268,268,Bengaluru,Karnataka,2019-02-22,1900-01-01,9999-12-31,True
269,269,Chandigarh,Chandigarh,2020-07-21,1900-01-01,9999-12-31,True
270,270,Kochi,Kerala,2019-06-20,1900-01-01,9999-12-31,True
271,271,Chandigarh,Chandigarh,2023-09-25,1900-01-01,9999-12-31,True
272,272,Hyderabad,Telangana,2023-08-30,1900-01-01,9999-12-31,True
273,273,Kolkata,West Bengal,2022-07-11,1900-01-01,9999-12-31,True
274,274,Chandigarh,Chandigarh,2023-11-24,1900-01-01,9999-12-31,True
275,275,Patna,Bihar,2021-10-03,1900-01-01,9999-12-31,True
276,276,Mumbai,Maharashtra,2023-08-10,1900-01-01,9999-12-31,True
277,277,Bhubaneswar,Odisha,2023-04-26,1900-01-01,9999-12-31,True
278,278,Jaipur,Rajasthan,2020-09-12,1900-01-01,9999-12-31,True
279,279,Hyderabad,Telangana,2023-02-06,1900-01-01,9999-12-31,True
280,280,Kolkata,West Bengal,2023-03-09,1900-01-01,9999-12-31,True
281,281,Lucknow,Uttar Pradesh,2021-03-25,1900-01-01,9999-12-31,True
282,282,Bhubaneswar,Odisha,2020-08-29,1900-01-01,9999-12-31,True
283,283,Bhubaneswar,Odisha,2023-08-30,1900-01-01,9999-12-31,True
284,284,Jaipur,Rajasthan,2021-11-09,1900-01-01,9999-12-31,True
285,285,Ahmedabad,Gujarat,2019-03-21,1900-01-01,9999-12-31,True
286,286,Chennai,Tamil Nadu,2020-12-05,1900-01-01,9999-12-31,True
287,287,Jaipur,Rajasthan,2023-10-27,1900-01-01,9999-12-31,True
288,288,Guwahati,Assam,2023-10-28,1900-01-01,9999-12-31,True
289,289,Chandigarh,Chandigarh,2023-05-15,1900-01-01,9999-12-31,True
290,290,Lucknow,Uttar Pradesh,2021-08-17,1900-01-01,9999-12-31,True
291,291,Kochi,Kerala,2022-08-11,1900-01-01,9999-12-31,True
292,292,Patna,Bihar,2019-05-17,1900-01-01,9999-12-31,True
293,293,Mumbai,Maharashtra,2022-02-11,1900-01-01,9999-12-31,True
294,294,Chennai,Tamil Nadu,2023-04-04,1900-01-01,9999-12-31,True
295,295,Pune,Maharashtra,2022-02-17,1900-01-01,9999-12-31,True
296,296,Patna,Bihar,2022-01-31,1900-01-01,9999-12-31,True
297,297,Jaipur,Rajasthan,2023-12-26,1900-01-01,9999-12-31,True
298,298,Chandigarh,Chandigarh,2023-11-21,1900-01-01,9999-12-31,True
299,299,Chennai,Tamil Nadu,2019-10-31,1900-01-01,9999-12-31,True
300,300,Chandigarh,Chandigarh,2019-03-25,1900-01-01,9999-12-31,True
301,301,Pune,Maharashtra,2020-10-16,1900-01-01,9999-12-31,True
302,302,Kolkata,West Bengal,2020-03-21,1900-01-01,9999-12-31,True
303,303,Patna,Bihar,2019-11-07,1900-01-01,9999-12-31,True
304,304,Bengaluru,Karnataka,2022-02-04,1900-01-01,9999-12-31,True
305,305,Bhubaneswar,Odisha,2023-07-24,1900-01-01,9999-12-31,True
306,306,Delhi,Delhi,2021-04-21,1900-01-01,9999-12-31,True
307,307,Chennai,Tamil Nadu,2020-04-10,1900-01-01,9999-12-31,True
308,308,Patna,Bihar,2023-07-03,1900-01-01,9999-12-31,True
309,309,Chandigarh,Chandigarh,2021-03-17,1900-01-01,9999-12-31,True
310,310,Bengaluru,Karnataka,2022-03-12,1900-01-01,9999-12-31,True
311,311,Kolkata,West Bengal,2021-04-13,1900-01-01,9999-12-31,True
312,312,Lucknow,Uttar Pradesh,2023-12-29,1900-01-01,9999-12-31,True
313,313,Hyderabad,Telangana,2020-03-08,1900-01-01,9999-12-31,True
314,314,Mumbai,Maharashtra,2023-12-17,1900-01-01,9999-12-31,True
315,315,Bhubaneswar,Odisha,2023-11-20,1900-01-01,9999-12-31,True
316,316,Bhubaneswar,Odisha,2019-01-15,1900-01-01,9999-12-31,True
317,317,Kochi,Kerala,2023-02-28,1900-01-01,9999-12-31,True
318,318,Kochi,Kerala,2022-01-12,1900-01-01,9999-12-31,True
319,319,Kochi,Kerala,2022-03-07,1900-01-01,9999-12-31,True
320,320,Hyderabad,Telangana,2022-02-20,1900-01-01,9999-12-31,True
321,321,Delhi,Delhi,2022-12-10,1900-01-01,9999-12-31,True
322,322,Chandigarh,Chandigarh,2022-08-29,1900-01-01,9999-12-31,True
323,323,Delhi,Delhi,2020-08-19,1900-01-01,9999-12-31,True
324,324,Ahmedabad,Gujarat,2020-01-02,1900-01-01,9999-12-31,True
325,325,Bhubaneswar,Odisha,2021-07-04,1900-01-01,9999-12-31,True
326,326,Chennai,Tamil Nadu,2020-04-13,1900-01-01,9999-12-31,True
327,327,Guwahati,Assam,2022-09-24,1900-01-01,9999-12-31,True
328,328,Pune,Maharashtra,2021-05-04,1900-01-01,9999-12-31,True
329,329,Chennai,Tamil Nadu,2022-10-08,1900-01-01,9999-12-31,True
330,330,Pune,Maharashtra,2023-11-01,1900-01-01,9999-12-31,True
331,331,Bhubaneswar,Odisha,2022-12-13,1900-01-01,9999-12-31,True
332,332,Bengaluru,Karnataka,2021-09-06,1900-01-01,9999-12-31,True
333,333,Ahmedabad,Gujarat,2022-05-12,1900-01-01,9999-12-31,True
334,334,Jaipur,Rajasthan,2023-02-09,1900-01-01,9999-12-31,True
335,335,Chennai,Tamil Nadu,2022-05-16,1900-01-01,9999-12-31,True
336,336,Chennai,Tamil Nadu,2022-02-04,1900-01-01,9999-12-31,True
337,337,Pune,Maharashtra,2022-03-27,1900-01-01,9999-12-31,True
338,338,Hyderabad,Telangana,2022-03-30,1900-01-01,9999-12-31,True
339,339,Mumbai,Maharashtra,2019-03-24,1900-01-01,9999-12-31,True
340,340,Bhubaneswar,Odisha,2023-12-23,1900-01-01,9999-12-31,True
341,341,Kochi,Kerala,2020-03-04,1900-01-01,9999-12-31,True
342,342,Bhubaneswar,Odisha,2021-04-07,1900-01-01,9999-12-31,True
343,343,Mumbai,Maharashtra,2023-06-04,1900-01-01,9999-12-31,True
344,344,Lucknow,Uttar Pradesh,2022-01-28,1900-01-01,9999-12-31,True
345,345,Patna,Bihar,2022-06-13,1900-01-01,9999-12-31,True
346,346,Pune,Maharashtra,2021-03-22,1900-01-01,9999-12-31,True
347,347,Delhi,Delhi,2019-07-01,1900-01-01,9999-12-31,True
348,348,Patna,Bihar,2019-04-21,1900-01-01,9999-12-31,True
349,349,Guwahati,Assam,2023-11-02,1900-01-01,9999-12-31,True
350,350,Chennai,Tamil Nadu,2022-04-24,1900-01-01,9999-12-31,True
351,351,Chandigarh,Chandigarh,2022-12-06,1900-01-01,9999-12-31,True
352,352,Mumbai,Maharashtra,2022-12-07,1900-01-01,9999-12-31,True
353,353,Mumbai,Maharashtra,2023-02-23,1900-01-01,9999-12-31,True
354,354,Bhubaneswar,Odisha,2023-01-23,1900-01-01,9999-12-31,True
355,355,Chennai,Tamil Nadu,2022-11-14,1900-01-01,9999-12-31,True
356,356,Chennai,Tamil Nadu,2023-04-16,1900-01-01,9999-12-31,True
357,357,Pune,Maharashtra,2021-09-12,1900-01-01,9999-12-31,True
358,358,Lucknow,Uttar Pradesh,2022-04-21,1900-01-01,9999-12-31,True
359,359,Mumbai,Maharashtra,2019-01-28,1900-01-01,9999-12-31,True
360,360,Chennai,Tamil Nadu,2019-01-29,1900-01-01,9999-12-31,True
361,361,Hyderabad,Telangana,2019-08-20,1900-01-01,9999-12-31,True
362,362,Chennai,Tamil Nadu,2019-07-27,1900-01-01,9999-12-31,True
363,363,Mumbai,Maharashtra,2021-03-29,1900-01-01,9999-12-31,True
364,364,Hyderabad,Telangana,2021-12-19,1900-01-01,9999-12-31,True
365,365,Kochi,Kerala,2020-02-09,1900-01-01,9999-12-31,True
366,366,Ahmedabad,Gujarat,2020-07-04,1900-01-01,9999-12-31,True
367,367,Kolkata,West Bengal,2023-12-28,1900-01-01,9999-12-31,True
368,368,Ahmedabad,Gujarat,2022-06-06,1900-01-01,9999-12-31,True
369,369,Kolkata,West Bengal,2019-05-15,1900-01-01,9999-12-31,True
370,370,Chennai,Tamil Nadu,2022-01-15,1900-01-01,9999-12-31,True
371,371,Ahmedabad,Gujarat,2020-05-16,1900-01-01,9999-12-31,True
372,372,Patna,Bihar,2023-12-21,1900-01-01,9999-12-31,True
373,373,Delhi,Delhi,2021-07-11,1900-01-01,9999-12-31,True
374,374,Kolkata,West Bengal,2022-12-18,1900-01-01,9999-12-31,True
375,375,Guwahati,Assam,2021-02-23,1900-01-01,9999-12-31,True
376,376,Chennai,Tamil Nadu,2020-09-10,1900-01-01,9999-12-31,True
377,377,Bhubaneswar,Odisha,2021-01-29,1900-01-01,9999-12-31,True
378,378,Pune,Maharashtra,2021-02-17,1900-01-01,9999-12-31,True
379,379,Delhi,Delhi,2023-10-07,1900-01-01,9999-12-31,True
380,380,Hyderabad,Telangana,2019-06-16,1900-01-01,9999-12-31,True
381,381,Chennai,Tamil Nadu,2021-02-27,1900-01-01,9999-12-31,True
382,382,Kolkata,West Bengal,2021-10-12,1900-01-01,9999-12-31,True
383,383,Chennai,Tamil Nadu,2021-01-19,1900-01-01,9999-12-31,True
384,384,Delhi,Delhi,2023-11-03,1900-01-01,9999-12-31,True
385,385,Pune,Maharashtra,2019-07-09,1900-01-01,9999-12-31,True
386,386,Ahmedabad,Gujarat,2019-10-10,1900-01-01,9999-12-31,True
387,387,Ahmedabad,Gujarat,2023-03-27,1900-01-01,9999-12-31,True
388,388,Hyderabad,Telangana,2019-07-29,1900-01-01,9999-12-31,True
389,389,Chennai,Tamil Nadu,2023-01-13,1900-01-01,9999-12-31,True
390,390,Bhubaneswar,Odisha,2019-02-22,1900-01-01,9999-12-31,True
391,391,Kolkata,West Bengal,2023-08-09,1900-01-01,9999-12-31,True
392,392,Hyderabad,Telangana,2019-11-28,1900-01-01,9999-12-31,True
393,393,Chennai,Tamil Nadu,2019-05-07,1900-01-01,9999-12-31,True
394,394,Ahmedabad,Gujarat,2022-09-23,1900-01-01,9999-12-31,True
395,395,Delhi,Delhi,2021-02-05,1900-01-01,9999-12-31,True
396,396,Hyderabad,Telangana,2020-11-06,1900-01-01,9999-12-31,True
397,397,Mumbai,Maharashtra,2023-06-01,1900-01-01,9999-12-31,True
398,398,Kochi,Kerala,2022-10-08,1900-01-01,9999-12-31,True
399,399,Jaipur,Rajasthan,2020-05-11,1900-01-01,9999-12-31,True
400,400,Bengaluru,Karnataka,2022-01-12,1900-01-01,9999-12-31,True
401,401,Bhubaneswar,Odisha,2020-01-29,1900-01-01,9999-12-31,True
402,402,Hyderabad,Telangana,2020-09-21,1900-01-01,9999-12-31,True
403,403,Hyderabad,Telangana,2022-05-22,1900-01-01,9999-12-31,True
404,404,Ahmedabad,Gujarat,2022-05-02,1900-01-01,9999-12-31,True
405,405,Delhi,Delhi,2020-12-22,1900-01-01,9999-12-31,True
406,406,Bengaluru,Karnataka,2020-01-09,1900-01-01,9999-12-31,True
407,407,Kochi,Kerala,2022-10-26,1900-01-01,9999-12-31,True
408,408,Kolkata,West Bengal,2019-08-07,1900-01-01,9999-12-31,True
409,409,Pune,Maharashtra,2019-11-17,1900-01-01,9999-12-31,True
410,410,Chandigarh,Chandigarh,2022-07-08,1900-01-01,9999-12-31,True
411,411,Guwahati,Assam,2019-05-12,1900-01-01,9999-12-31,True
412,412,Kochi,Kerala,2019-02-04,1900-01-01,9999-12-31,True
413,413,Chennai,Tamil Nadu,2021-11-16,1900-01-01,9999-12-31,True
414,414,Bhubaneswar,Odisha,2020-06-12,1900-01-01,9999-12-31,True
415,415,Patna,Bihar,2023-10-30,1900-01-01,9999-12-31,True
416,416,Delhi,Delhi,2023-02-27,1900-01-01,9999-12-31,True
417,417,Guwahati,Assam,2021-03-07,1900-01-01,9999-12-31,True
418,418,Mumbai,Maharashtra,2021-03-06,1900-01-01,9999-12-31,True
419,419,Delhi,Delhi,2019-05-24,1900-01-01,9999-12-31,True
420,420,Jaipur,Rajasthan,2020-02-09,1900-01-01,9999-12-31,True
421,421,Guwahati,Assam,2021-07-20,1900-01-01,9999-12-31,True
422,422,Chennai,Tamil Nadu,2021-07-19,1900-01-01,9999-12-31,True
423,423,Mumbai,Maharashtra,2022-08-20,1900-01-01,9999-12-31,True
424,424,Chandigarh,Chandigarh,2019-07-07,1900-01-01,9999-12-31,True
425,425,Bengaluru,Karnataka,2019-11-13,1900-01-01,9999-12-31,True
426,426,Guwahati,Assam,2019-11-20,1900-01-01,9999-12-31,True
427,427,Jaipur,Rajasthan,2022-10-08,1900-01-01,9999-12-31,True
428,428,Patna,Bihar,2023-04-27,1900-01-01,9999-12-31,True
429,429,Chandigarh,Chandigarh,2021-03-13,1900-01-01,9999-12-31,True
430,430,Hyderabad,Telangana,2022-02-26,1900-01-01,9999-12-31,True
431,431,Lucknow,Uttar Pradesh,2020-10-04,1900-01-01,9999-12-31,True
432,432,Pune,Maharashtra,2021-04-22,1900-01-01,9999-12-31,True
433,433,Delhi,Delhi,2020-11-03,1900-01-01,9999-12-31,True
434,434,Chennai,Tamil Nadu,2022-03-22,1900-01-01,9999-12-31,True
435,435,Guwahati,Assam,2020-12-02,1900-01-01,9999-12-31,True
436,436,Lucknow,Uttar Pradesh,2023-07-18,1900-01-01,9999-12-31,True
437,437,Patna,Bihar,2022-01-09,1900-01-01,9999-12-31,True
438,438,Hyderabad,Telangana,2023-10-14,1900-01-01,9999-12-31,True
439,439,Delhi,Delhi,2023-01-20,1900-01-01,9999-12-31,True
440,440,Patna,Bihar,2021-07-09,1900-01-01,9999-12-31,True
441,441,Lucknow,Uttar Pradesh,2020-03-28,1900-01-01,9999-12-31,True
442,442,Guwahati,Assam,2021-08-14,1900-01-01,9999-12-31,True
443,443,Pune,Maharashtra,2020-11-11,1900-01-01,9999-12-31,True
444,444,Patna,Bihar,2021-01-16,1900-01-01,9999-12-31,True
445,445,Chennai,Tamil Nadu,2022-12-11,1900-01-01,9999-12-31,True
446,446,Mumbai,Maharashtra,2020-08-24,1900-01-01,9999-12-31,True
447,447,Jaipur,Rajasthan,2020-04-04,1900-01-01,9999-12-31,True
448,448,Guwahati,Assam,2019-05-29,1900-01-01,9999-12-31,True
449,449,Hyderabad,Telangana,2020-07-20,1900-01-01,9999-12-31,True
450,450,Chandigarh,Chandigarh,2021-12-21,1900-01-01,9999-12-31,True
451,451,Kolkata,West Bengal,2021-10-17,1900-01-01,9999-12-31,True
452,452,Patna,Bihar,2022-05-07,1900-01-01,9999-12-31,True
453,453,Chennai,Tamil Nadu,2021-07-16,1900-01-01,9999-12-31,True
454,454,Pune,Maharashtra,2020-07-17,1900-01-01,9999-12-31,True
455,455,Patna,Bihar,2023-09-26,1900-01-01,9999-12-31,True
456,456,Kolkata,West Bengal,2020-02-18,1900-01-01,9999-12-31,True
457,457,Kochi,Kerala,2019-05-21,1900-01-01,9999-12-31,True
458,458,Delhi,Delhi,2022-11-07,1900-01-01,9999-12-31,True
459,459,Jaipur,Rajasthan,2023-05-19,1900-01-01,9999-12-31,True
460,460,Chennai,Tamil Nadu,2019-10-09,1900-01-01,9999-12-31,True
461,461,Kolkata,West Bengal,2022-08-09,1900-01-01,9999-12-31,True
462,462,Chandigarh,Chandigarh,2020-10-26,1900-01-01,9999-12-31,True
463,463,Lucknow,Uttar Pradesh,2022-01-19,1900-01-01,9999-12-31,True
464,464,Lucknow,Uttar Pradesh,2021-09-01,1900-01-01,9999-12-31,True
465,465,Kochi,Kerala,2023-07-08,1900-01-01,9999-12-31,True
466,466,Kolkata,West Bengal,2022-05-22,1900-01-01,9999-12-31,True
467,467,Bhubaneswar,Odisha,2022-11-05,1900-01-01,9999-12-31,True
468,468,Pune,Maharashtra,2021-08-20,1900-01-01,9999-12-31,True
469,469,Jaipur,Rajasthan,2023-01-02,1900-01-01,9999-12-31,True
470,470,Chennai,Tamil Nadu,2019-04-06,1900-01-01,9999-12-31,True
471,471,Chennai,Tamil Nadu,2021-10-09,1900-01-01,9999-12-31,True
472,472,Chandigarh,Chandigarh,2023-04-03,1900-01-01,9999-12-31,True
473,473,Ahmedabad,Gujarat,2022-10-24,1900-01-01,9999-12-31,True
474,474,Pune,Maharashtra,2023-07-11,1900-01-01,9999-12-31,True
475,475,Bhubaneswar,Odisha,2019-06-17,1900-01-01,9999-12-31,True
476,476,Bengaluru,Karnataka,2023-06-03,1900-01-01,9999-12-31,True
477,477,Mumbai,Maharashtra,2019-04-08,1900-01-01,9999-12-31,True
478,478,Lucknow,Uttar Pradesh,2020-03-06,1900-01-01,9999-12-31,True
479,479,Hyderabad,Telangana,2020-02-14,1900-01-01,9999-12-31,True
480,480,Chandigarh,Chandigarh,2023-03-12,1900-01-01,9999-12-31,True
481,481,Bhubaneswar,Odisha,2019-09-09,1900-01-01,9999-12-31,True
482,482,Chandigarh,Chandigarh,2022-06-24,1900-01-01,9999-12-31,True
483,483,Chennai,Tamil Nadu,2021-03-29,1900-01-01,9999-12-31,True
484,484,Delhi,Delhi,2019-02-04,1900-01-01,9999-12-31,True
485,485,Bhubaneswar,Odisha,2021-09-28,1900-01-01,9999-12-31,True
486,486,Kochi,Kerala,2022-11-17,1900-01-01,9999-12-31,True
487,487,Hyderabad,Telangana,2019-08-11,1900-01-01,9999-12-31,True
488,488,Bhubaneswar,Odisha,2022-03-12,1900-01-01,9999-12-31,True
489,489,Lucknow,Uttar Pradesh,2019-07-22,1900-01-01,9999-12-31,True
490,490,Lucknow,Uttar Pradesh,2019-01-30,1900-01-01,9999-12-31,True
491,491,Chennai,Tamil Nadu,2022-08-04,1900-01-01,9999-12-31,True
492,492,Bhubaneswar,Odisha,2019-01-03,1900-01-01,9999-12-31,True
493,493,Jaipur,Rajasthan,2021-11-07,1900-01-01,9999-12-31,True
494,494,Lucknow,Uttar Pradesh,2021-08-13,1900-01-01,9999-12-31,True
495,495,Pune,Maharashtra,2023-10-06,1900-01-01,9999-12-31,True
496,496,Bhubaneswar,Odisha,2021-10-08,1900-01-01,9999-12-31,True
497,497,Kochi,Kerala,2019-03-21,1900-01-01,9999-12-31,True
498,498,Lucknow,Uttar Pradesh,2020-04-07,1900-01-01,9999-12-31,True
499,499,Kochi,Kerala,2022-12-10,1900-01-01,9999-12-31,True
500,500,Kolkata,West Bengal,2022-08-30,1900-01-01,9999-12-31,True
501,501,Kolkata,West Bengal,2019-09-01,1900-01-01,9999-12-31,True
502,502,Bhubaneswar,Odisha,2023-01-24,1900-01-01,9999-12-31,True
503,503,Pune,Maharashtra,2023-11-25,1900-01-01,9999-12-31,True
504,504,Hyderabad,Telangana,2023-01-20,1900-01-01,9999-12-31,True
505,505,Hyderabad,Telangana,2019-03-09,1900-01-01,9999-12-31,True
506,506,Lucknow,Uttar Pradesh,2022-12-14,1900-01-01,9999-12-31,True
507,507,Kolkata,West Bengal,2023-08-31,1900-01-01,9999-12-31,True
508,508,Chandigarh,Chandigarh,2023-12-11,1900-01-01,9999-12-31,True
509,509,Bengaluru,Karnataka,2019-03-08,1900-01-01,9999-12-31,True
510,510,Hyderabad,Telangana,2020-10-13,1900-01-01,9999-12-31,True
511,511,Patna,Bihar,2020-05-13,1900-01-01,9999-12-31,True
512,512,Patna,Bihar,2023-06-12,1900-01-01,9999-12-31,True
513,513,Bhubaneswar,Odisha,2020-09-10,1900-01-01,9999-12-31,True
514,514,Jaipur,Rajasthan,2022-06-17,1900-01-01,9999-12-31,True
515,515,Pune,Maharashtra,2020-05-01,1900-01-01,9999-12-31,True
516,516,Bhubaneswar,Odisha,2019-05-25,1900-01-01,9999-12-31,True
517,517,Pune,Maharashtra,2020-08-09,1900-01-01,9999-12-31,True
518,518,Lucknow,Uttar Pradesh,2022-04-21,1900-01-01,9999-12-31,True
519,519,Kolkata,West Bengal,2022-01-04,1900-01-01,9999-12-31,True
520,520,Ahmedabad,Gujarat,2022-06-12,1900-01-01,9999-12-31,True
521,521,Chennai,Tamil Nadu,2019-03-19,1900-01-01,9999-12-31,True
522,522,Jaipur,Rajasthan,2020-05-16,1900-01-01,9999-12-31,True
523,523,Jaipur,Rajasthan,2022-05-09,1900-01-01,9999-12-31,True
524,524,Kolkata,West Bengal,2021-07-25,1900-01-01,9999-12-31,True
525,525,Hyderabad,Telangana,2019-09-18,1900-01-01,9999-12-31,True
526,526,Pune,Maharashtra,2019-08-19,1900-01-01,9999-12-31,True
527,527,Guwahati,Assam,2020-10-22,1900-01-01,9999-12-31,True
528,528,Patna,Bihar,2022-05-24,1900-01-01,9999-12-31,True
529,529,Kolkata,West Bengal,2021-03-21,1900-01-01,9999-12-31,True
530,530,Chandigarh,Chandigarh,2021-08-24,1900-01-01,9999-12-31,True
531,531,Lucknow,Uttar Pradesh,2022-03-31,1900-01-01,9999-12-31,True
532,532,Guwahati,Assam,2019-02-17,1900-01-01,9999-12-31,True
533,533,Patna,Bihar,2021-08-02,1900-01-01,9999-12-31,True
534,534,Mumbai,Maharashtra,2022-11-15,1900-01-01,9999-12-31,True
535,535,Jaipur,Rajasthan,2023-12-24,1900-01-01,9999-12-31,True
536,536,Lucknow,Uttar Pradesh,2020-01-01,1900-01-01,9999-12-31,True
537,537,Kolkata,West Bengal,2021-04-04,1900-01-01,9999-12-31,True
538,538,Mumbai,Maharashtra,2023-01-19,1900-01-01,9999-12-31,True
539,539,Chennai,Tamil Nadu,2022-07-18,1900-01-01,9999-12-31,True
540,540,Patna,Bihar,2023-04-03,1900-01-01,9999-12-31,True
541,541,Delhi,Delhi,2021-07-17,1900-01-01,9999-12-31,True
542,542,Lucknow,Uttar Pradesh,2022-12-16,1900-01-01,9999-12-31,True
543,543,Kochi,Kerala,2019-02-17,1900-01-01,9999-12-31,True
544,544,Ahmedabad,Gujarat,2023-01-06,1900-01-01,9999-12-31,True
545,545,Ahmedabad,Gujarat,2019-04-30,1900-01-01,9999-12-31,True
546,546,Ahmedabad,Gujarat,2021-08-17,1900-01-01,9999-12-31,True
547,547,Ahmedabad,Gujarat,2019-08-17,1900-01-01,9999-12-31,True
548,548,Hyderabad,Telangana,2021-04-01,1900-01-01,9999-12-31,True
549,549,Kochi,Kerala,2019-08-23,1900-01-01,9999-12-31,True
550,550,Jaipur,Rajasthan,2021-02-28,1900-01-01,9999-12-31,True
551,551,Pune,Maharashtra,2021-08-03,1900-01-01,9999-12-31,True
552,552,Mumbai,Maharashtra,2019-10-23,1900-01-01,9999-12-31,True
553,553,Hyderabad,Telangana,2023-09-26,1900-01-01,9999-12-31,True
554,554,Bhubaneswar,Odisha,2023-03-24,1900-01-01,9999-12-31,True
555,555,Delhi,Delhi,2022-03-04,1900-01-01,9999-12-31,True
556,556,Kochi,Kerala,2022-02-14,1900-01-01,9999-12-31,True
557,557,Chennai,Tamil Nadu,2022-03-15,1900-01-01,9999-12-31,True
558,558,Chennai,Tamil Nadu,2022-04-17,1900-01-01,9999-12-31,True
559,559,Kochi,Kerala,2023-02-15,1900-01-01,9999-12-31,True
560,560,Patna,Bihar,2019-03-24,1900-01-01,9999-12-31,True
561,561,Pune,Maharashtra,2022-10-31,1900-01-01,9999-12-31,True
562,562,Kolkata,West Bengal,2021-06-27,1900-01-01,9999-12-31,True
563,563,Chennai,Tamil Nadu,2021-05-31,1900-01-01,9999-12-31,True
564,564,Bhubaneswar,Odisha,2021-04-07,1900-01-01,9999-12-31,True
565,565,Chandigarh,Chandigarh,2021-03-13,1900-01-01,9999-12-31,True
566,566,Chennai,Tamil Nadu,2020-01-08,1900-01-01,9999-12-31,True
567,567,Jaipur,Rajasthan,2023-04-22,1900-01-01,9999-12-31,True
568,568,Patna,Bihar,2023-11-16,1900-01-01,9999-12-31,True
569,569,Guwahati,Assam,2021-07-28,1900-01-01,9999-12-31,True
570,570,Delhi,Delhi,2020-03-17,1900-01-01,9999-12-31,True
571,571,Pune,Maharashtra,2021-03-31,1900-01-01,9999-12-31,True
572,572,Mumbai,Maharashtra,2019-04-03,1900-01-01,9999-12-31,True
573,573,Jaipur,Rajasthan,2020-03-29,1900-01-01,9999-12-31,True
574,574,Delhi,Delhi,2023-09-01,1900-01-01,9999-12-31,True
575,575,Hyderabad,Telangana,2022-10-24,1900-01-01,9999-12-31,True
576,576,Guwahati,Assam,2021-05-01,1900-01-01,9999-12-31,True
577,577,Kolkata,West Bengal,2019-02-12,1900-01-01,9999-12-31,True
578,578,Kolkata,West Bengal,2021-04-14,1900-01-01,9999-12-31,True
579,579,Mumbai,Maharashtra,2021-11-30,1900-01-01,9999-12-31,True
580,580,Guwahati,Assam,2020-05-28,1900-01-01,9999-12-31,True
581,581,Kolkata,West Bengal,2021-09-06,1900-01-01,9999-12-31,True
582,582,Chandigarh,Chandigarh,2019-09-02,1900-01-01,9999-12-31,True
583,583,Jaipur,Rajasthan,2022-10-26,1900-01-01,9999-12-31,True
584,584,Jaipur,Rajasthan,2021-01-01,1900-01-01,9999-12-31,True
585,585,Hyderabad,Telangana,2021-10-06,1900-01-01,9999-12-31,True
586,586,Lucknow,Uttar Pradesh,2021-07-09,1900-01-01,9999-12-31,True
587,587,Delhi,Delhi,2019-08-23,1900-01-01,9999-12-31,True
588,588,Pune,Maharashtra,2020-11-12,1900-01-01,9999-12-31,True
589,589,Patna,Bihar,2022-10-09,1900-01-01,9999-12-31,True
590,590,Chandigarh,Chandigarh,2021-01-02,1900-01-01,9999-12-31,True
591,591,Ahmedabad,Gujarat,2019-03-13,1900-01-01,9999-12-31,True
592,592,Pune,Maharashtra,2021-08-05,1900-01-01,9999-12-31,True
593,593,Delhi,Delhi,2019-09-13,1900-01-01,9999-12-31,True
594,594,Kochi,Kerala,2020-12-18,1900-01-01,9999-12-31,True
595,595,Pune,Maharashtra,2021-07-14,1900-01-01,9999-12-31,True
596,596,Pune,Maharashtra,2021-06-12,1900-01-01,9999-12-31,True
597,597,Guwahati,Assam,2023-01-28,1900-01-01,9999-12-31,True
598,598,Chandigarh,Chandigarh,2022-05-14,1900-01-01,9999-12-31,True
599,599,Ahmedabad,Gujarat,2022-12-25,1900-01-01,9999-12-31,True
600,600,Hyderabad,Telangana,2020-04-29,1900-01-01,9999-12-31,True
601,601,Guwahati,Assam,2021-11-30,1900-01-01,9999-12-31,True
602,602,Ahmedabad,Gujarat,2022-02-21,1900-01-01,9999-12-31,True
603,603,Bhubaneswar,Odisha,2023-02-08,1900-01-01,9999-12-31,True
604,604,Bhubaneswar,Odisha,2021-11-10,1900-01-01,9999-12-31,True
605,605,Ahmedabad,Gujarat,2019-02-04,1900-01-01,9999-12-31,True
606,606,Bhubaneswar,Odisha,2019-10-04,1900-01-01,9999-12-31,True
607,607,Bhubaneswar,Odisha,2021-07-04,1900-01-01,9999-12-31,True
608,608,Delhi,Delhi,2022-07-12,1900-01-01,9999-12-31,True
609,609,Bhubaneswar,Odisha,2021-10-20,1900-01-01,9999-12-31,True
610,610,Lucknow,Uttar Pradesh,2020-11-18,1900-01-01,9999-12-31,True
611,611,Lucknow,Uttar Pradesh,2023-07-23,1900-01-01,9999-12-31,True
612,612,Bhubaneswar,Odisha,2022-05-18,1900-01-01,9999-12-31,True
613,613,Mumbai,Maharashtra,2019-12-17,1900-01-01,9999-12-31,True
614,614,Guwahati,Assam,2021-10-15,1900-01-01,9999-12-31,True
615,615,Ahmedabad,Gujarat,2022-11-08,1900-01-01,9999-12-31,True
616,616,Guwahati,Assam,2020-08-01,1900-01-01,9999-12-31,True
617,617,Lucknow,Uttar Pradesh,2020-06-09,1900-01-01,9999-12-31,True
618,618,Lucknow,Uttar Pradesh,2023-02-02,1900-01-01,9999-12-31,True
619,619,Bengaluru,Karnataka,2019-03-18,1900-01-01,9999-12-31,True
620,620,Hyderabad,Telangana,2023-08-14,1900-01-01,9999-12-31,True
621,621,Kolkata,West Bengal,2020-01-26,1900-01-01,9999-12-31,True
622,622,Lucknow,Uttar Pradesh,2019-09-08,1900-01-01,9999-12-31,True
623,623,Ahmedabad,Gujarat,2019-04-03,1900-01-01,9999-12-31,True
624,624,Ahmedabad,Gujarat,2019-04-06,1900-01-01,9999-12-31,True
625,625,Jaipur,Rajasthan,2022-08-02,1900-01-01,9999-12-31,True
626,626,Bhubaneswar,Odisha,2019-01-10,1900-01-01,9999-12-31,True
627,627,Chandigarh,Chandigarh,2022-04-06,1900-01-01,9999-12-31,True
628,628,Chandigarh,Chandigarh,2022-04-02,1900-01-01,9999-12-31,True
629,629,Pune,Maharashtra,2020-06-04,1900-01-01,9999-12-31,True
630,630,Pune,Maharashtra,2022-04-05,1900-01-01,9999-12-31,True
631,631,Pune,Maharashtra,2022-09-10,1900-01-01,9999-12-31,True
632,632,Chandigarh,Chandigarh,2021-02-01,1900-01-01,9999-12-31,True
633,633,Pune,Maharashtra,2023-12-25,1900-01-01,9999-12-31,True
634,634,Kolkata,West Bengal,2019-12-07,1900-01-01,9999-12-31,True
635,635,Pune,Maharashtra,2019-01-17,1900-01-01,9999-12-31,True
636,636,Lucknow,Uttar Pradesh,2020-06-03,1900-01-01,9999-12-31,True
637,637,Kochi,Kerala,2023-04-03,1900-01-01,9999-12-31,True
638,638,Ahmedabad,Gujarat,2019-12-18,1900-01-01,9999-12-31,True
639,639,Jaipur,Rajasthan,2019-10-24,1900-01-01,9999-12-31,True
640,640,Chennai,Tamil Nadu,2022-08-04,1900-01-01,9999-12-31,True
641,641,Bengaluru,Karnataka,2022-12-14,1900-01-01,9999-12-31,True
642,642,Patna,Bihar,2022-01-19,1900-01-01,9999-12-31,True
643,643,Lucknow,Uttar Pradesh,2021-07-29,1900-01-01,9999-12-31,True
644,644,Patna,Bihar,2022-05-06,1900-01-01,9999-12-31,True
645,645,Delhi,Delhi,2021-05-21,1900-01-01,9999-12-31,True
646,646,Kolkata,West Bengal,2020-04-20,1900-01-01,9999-12-31,True
647,647,Ahmedabad,Gujarat,2022-10-07,1900-01-01,9999-12-31,True
648,648,Kochi,Kerala,2021-11-28,1900-01-01,9999-12-31,True
649,649,Jaipur,Rajasthan,2022-04-07,1900-01-01,9999-12-31,True
650,650,Chennai,Tamil Nadu,2022-05-03,1900-01-01,9999-12-31,True
651,651,Mumbai,Maharashtra,2019-10-19,1900-01-01,9999-12-31,True
652,652,Hyderabad,Telangana,2022-06-13,1900-01-01,9999-12-31,True
653,653,Patna,Bihar,2022-01-26,1900-01-01,9999-12-31,True
654,654,Bengaluru,Karnataka,2021-05-22,1900-01-01,9999-12-31,True
655,655,Ahmedabad,Gujarat,2021-01-28,1900-01-01,9999-12-31,True
656,656,Lucknow,Uttar Pradesh,2023-01-03,1900-01-01,9999-12-31,True
657,657,Guwahati,Assam,2022-05-26,1900-01-01,9999-12-31,True
658,658,Patna,Bihar,2021-03-26,1900-01-01,9999-12-31,True
659,659,Kolkata,West Bengal,2023-08-01,1900-01-01,9999-12-31,True
660,660,Pune,Maharashtra,2023-02-21,1900-01-01,9999-12-31,True
661,661,Bhubaneswar,Odisha,2021-11-11,1900-01-01,9999-12-31,True
662,662,Ahmedabad,Gujarat,2020-08-21,1900-01-01,9999-12-31,True
663,663,Patna,Bihar,2019-08-01,1900-01-01,9999-12-31,True
664,664,Delhi,Delhi,2019-06-15,1900-01-01,9999-12-31,True
665,665,Lucknow,Uttar Pradesh,2023-01-15,1900-01-01,9999-12-31,True
666,666,Chennai,Tamil Nadu,2021-07-25,1900-01-01,9999-12-31,True
667,667,Bengaluru,Karnataka,2021-10-16,1900-01-01,9999-12-31,True
668,668,Lucknow,Uttar Pradesh,2020-12-23,1900-01-01,9999-12-31,True
669,669,Kolkata,West Bengal,2021-11-21,1900-01-01,9999-12-31,True
670,670,Patna,Bihar,2020-09-20,1900-01-01,9999-12-31,True
671,671,Jaipur,Rajasthan,2023-09-02,1900-01-01,9999-12-31,True
672,672,Bhubaneswar,Odisha,2019-02-27,1900-01-01,9999-12-31,True
673,673,Hyderabad,Telangana,2022-11-04,1900-01-01,9999-12-31,True
674,674,Kolkata,West Bengal,2023-12-17,1900-01-01,9999-12-31,True
675,675,Bengaluru,Karnataka,2023-05-07,1900-01-01,9999-12-31,True
676,676,Patna,Bihar,2019-05-27,1900-01-01,9999-12-31,True
677,677,Kochi,Kerala,2019-08-05,1900-01-01,9999-12-31,True
678,678,Lucknow,Uttar Pradesh,2019-08-21,1900-01-01,9999-12-31,True
679,679,Guwahati,Assam,2022-10-12,1900-01-01,9999-12-31,True
680,680,Delhi,Delhi,2022-05-14,1900-01-01,9999-12-31,True
681,681,Kolkata,West Bengal,2020-11-23,1900-01-01,9999-12-31,True
682,682,Chandigarh,Chandigarh,2021-04-20,1900-01-01,9999-12-31,True
683,683,Kolkata,West Bengal,2019-12-10,1900-01-01,9999-12-31,True
684,684,Patna,Bihar,2023-01-17,1900-01-01,9999-12-31,True
685,685,Kolkata,West Bengal,2020-03-15,1900-01-01,9999-12-31,True
686,686,Delhi,Delhi,2021-12-19,1900-01-01,9999-12-31,True
687,687,Guwahati,Assam,2020-03-22,1900-01-01,9999-12-31,True
688,688,Pune,Maharashtra,2021-03-12,1900-01-01,9999-12-31,True
689,689,Delhi,Delhi,2019-09-13,1900-01-01,9999-12-31,True
690,690,Chandigarh,Chandigarh,2023-01-28,1900-01-01,9999-12-31,True
691,691,Hyderabad,Telangana,2020-03-08,1900-01-01,9999-12-31,True
692,692,Bengaluru,Karnataka,2020-02-08,1900-01-01,9999-12-31,True
693,693,Jaipur,Rajasthan,2019-04-22,1900-01-01,9999-12-31,True
694,694,Bhubaneswar,Odisha,2021-10-11,1900-01-01,9999-12-31,True
695,695,Chandigarh,Chandigarh,2023-09-15,1900-01-01,9999-12-31,True
696,696,Delhi,Delhi,2020-08-04,1900-01-01,9999-12-31,True
697,697,Chennai,Tamil Nadu,2019-09-30,1900-01-01,9999-12-31,True
698,698,Delhi,Delhi,2022-10-08,1900-01-01,9999-12-31,True
699,699,Chennai,Tamil Nadu,2023-03-31,1900-01-01,9999-12-31,True
700,700,Jaipur,Rajasthan,2023-01-10,1900-01-01,9999-12-31,True
701,701,Kochi,Kerala,2023-11-02,1900-01-01,9999-12-31,True
702,702,Ahmedabad,Gujarat,2020-03-19,1900-01-01,9999-12-31,True
703,703,Ahmedabad,Gujarat,2022-03-26,1900-01-01,9999-12-31,True
704,704,Kolkata,West Bengal,2019-06-18,1900-01-01,9999-12-31,True
705,705,Hyderabad,Telangana,2020-05-04,1900-01-01,9999-12-31,True
706,706,Mumbai,Maharashtra,2019-12-10,1900-01-01,9999-12-31,True
707,707,Chennai,Tamil Nadu,2020-01-17,1900-01-01,9999-12-31,True
708,708,Kochi,Kerala,2023-10-13,1900-01-01,9999-12-31,True
709,709,Kochi,Kerala,2023-09-07,1900-01-01,9999-12-31,True
710,710,Guwahati,Assam,2023-07-27,1900-01-01,9999-12-31,True
711,711,Bengaluru,Karnataka,2023-07-29,1900-01-01,9999-12-31,True
712,712,Delhi,Delhi,2020-11-25,1900-01-01,9999-12-31,True
713,713,Bengaluru,Karnataka,2020-04-22,1900-01-01,9999-12-31,True
714,714,Kochi,Kerala,2021-04-30,1900-01-01,9999-12-31,True
715,715,Pune,Maharashtra,2023-07-27,1900-01-01,9999-12-31,True
716,716,Kochi,Kerala,2021-01-25,1900-01-01,9999-12-31,True
717,717,Pune,Maharashtra,2019-01-30,1900-01-01,9999-12-31,True
718,718,Lucknow,Uttar Pradesh,2019-10-06,1900-01-01,9999-12-31,True
719,719,Ahmedabad,Gujarat,2020-11-24,1900-01-01,9999-12-31,True
720,720,Hyderabad,Telangana,2021-10-01,1900-01-01,9999-12-31,True
721,721,Chandigarh,Chandigarh,2022-10-25,1900-01-01,9999-12-31,True
722,722,Bengaluru,Karnataka,2021-04-21,1900-01-01,9999-12-31,True
723,723,Mumbai,Maharashtra,2019-09-13,1900-01-01,9999-12-31,True
724,724,Kochi,Kerala,2023-08-01,1900-01-01,9999-12-31,True
725,725,Hyderabad,Telangana,2019-03-03,1900-01-01,9999-12-31,True
726,726,Chandigarh,Chandigarh,2022-10-26,1900-01-01,9999-12-31,True
727,727,Mumbai,Maharashtra,2023-03-18,1900-01-01,9999-12-31,True
728,728,Kolkata,West Bengal,2022-07-14,1900-01-01,9999-12-31,True
729,729,Kochi,Kerala,2021-07-11,1900-01-01,9999-12-31,True
730,730,Guwahati,Assam,2022-02-01,1900-01-01,9999-12-31,True
731,731,Bengaluru,Karnataka,2019-01-29,1900-01-01,9999-12-31,True
732,732,Delhi,Delhi,2019-01-31,1900-01-01,9999-12-31,True
733,733,Bengaluru,Karnataka,2023-11-19,1900-01-01,9999-12-31,True
734,734,Pune,Maharashtra,2023-01-24,1900-01-01,9999-12-31,True
735,735,Chennai,Tamil Nadu,2019-07-15,1900-01-01,9999-12-31,True
736,736,Hyderabad,Telangana,2019-09-29,1900-01-01,9999-12-31,True
737,737,Bengaluru,Karnataka,2020-04-05,1900-01-01,9999-12-31,True
738,738,Patna,Bihar,2022-12-21,1900-01-01,9999-12-31,True
739,739,Lucknow,Uttar Pradesh,2023-10-17,1900-01-01,9999-12-31,True
740,740,Delhi,Delhi,2023-12-13,1900-01-01,9999-12-31,True
741,741,Lucknow,Uttar Pradesh,2022-06-02,1900-01-01,9999-12-31,True
742,742,Patna,Bihar,2019-06-20,1900-01-01,9999-12-31,True
743,743,Delhi,Delhi,2021-10-05,1900-01-01,9999-12-31,True
744,744,Delhi,Delhi,2022-07-06,1900-01-01,9999-12-31,True
745,745,Kochi,Kerala,2023-03-23,1900-01-01,9999-12-31,True
746,746,Hyderabad,Telangana,2023-06-21,1900-01-01,9999-12-31,True
747,747,Mumbai,Maharashtra,2020-01-21,1900-01-01,9999-12-31,True
748,748,Bhubaneswar,Odisha,2019-03-26,1900-01-01,9999-12-31,True
749,749,Kochi,Kerala,2023-06-30,1900-01-01,9999-12-31,True
750,750,Hyderabad,Telangana,2023-08-22,1900-01-01,9999-12-31,True
751,751,Jaipur,Rajasthan,2023-10-21,1900-01-01,9999-12-31,True
752,752,Guwahati,Assam,2023-08-23,1900-01-01,9999-12-31,True
753,753,Guwahati,Assam,2021-10-26,1900-01-01,9999-12-31,True
754,754,Jaipur,Rajasthan,2020-08-28,1900-01-01,9999-12-31,True
755,755,Kochi,Kerala,2021-07-02,1900-01-01,9999-12-31,True
756,756,Chennai,Tamil Nadu,2019-06-28,1900-01-01,9999-12-31,True
757,757,Chandigarh,Chandigarh,2020-09-13,1900-01-01,9999-12-31,True
758,758,Kochi,Kerala,2019-02-24,1900-01-01,9999-12-31,True
759,759,Kochi,Kerala,2021-06-14,1900-01-01,9999-12-31,True
760,760,Chennai,Tamil Nadu,2021-02-27,1900-01-01,9999-12-31,True
761,761,Patna,Bihar,2022-11-10,1900-01-01,9999-12-31,True
762,762,Bhubaneswar,Odisha,2022-07-25,1900-01-01,9999-12-31,True
763,763,Chandigarh,Chandigarh,2019-10-09,1900-01-01,9999-12-31,True
764,764,Jaipur,Rajasthan,2020-07-31,1900-01-01,9999-12-31,True
765,765,Kolkata,West Bengal,2019-01-10,1900-01-01,9999-12-31,True
766,766,Delhi,Delhi,2020-10-18,1900-01-01,9999-12-31,True
767,767,Ahmedabad,Gujarat,2019-08-30,1900-01-01,9999-12-31,True
768,768,Chennai,Tamil Nadu,2021-03-30,1900-01-01,9999-12-31,True
769,769,Bengaluru,Karnataka,2019-07-08,1900-01-01,9999-12-31,True
770,770,Hyderabad,Telangana,2021-10-08,1900-01-01,9999-12-31,True
771,771,Kolkata,West Bengal,2019-01-23,1900-01-01,9999-12-31,True
772,772,Ahmedabad,Gujarat,2022-11-22,1900-01-01,9999-12-31,True
773,773,Delhi,Delhi,2019-11-06,1900-01-01,9999-12-31,True
774,774,Bhubaneswar,Odisha,2019-09-11,1900-01-01,9999-12-31,True
775,775,Lucknow,Uttar Pradesh,2021-06-18,1900-01-01,9999-12-31,True
776,776,Kochi,Kerala,2021-03-04,1900-01-01,9999-12-31,True
777,777,Chennai,Tamil Nadu,2021-06-02,1900-01-01,9999-12-31,True
778,778,Chennai,Tamil Nadu,2020-04-04,1900-01-01,9999-12-31,True
779,779,Delhi,Delhi,2021-12-19,1900-01-01,9999-12-31,True
780,780,Bhubaneswar,Odisha,2019-07-15,1900-01-01,9999-12-31,True
781,781,Kochi,Kerala,2023-09-28,1900-01-01,9999-12-31,True
782,782,Patna,Bihar,2023-01-07,1900-01-01,9999-12-31,True
783,783,Ahmedabad,Gujarat,2020-09-02,1900-01-01,9999-12-31,True
784,784,Pune,Maharashtra,2020-08-08,1900-01-01,9999-12-31,True
785,785,Hyderabad,Telangana,2020-07-27,1900-01-01,9999-12-31,True
786,786,Chandigarh,Chandigarh,2020-06-15,1900-01-01,9999-12-31,True
787,787,Chennai,Tamil Nadu,2020-08-17,1900-01-01,9999-12-31,True
788,788,Pune,Maharashtra,2020-10-28,1900-01-01,9999-12-31,True
789,789,Jaipur,Rajasthan,2022-05-29,1900-01-01,9999-12-31,True
790,790,Chennai,Tamil Nadu,2023-09-17,1900-01-01,9999-12-31,True
791,791,Patna,Bihar,2022-12-26,1900-01-01,9999-12-31,True
792,792,Guwahati,Assam,2022-05-13,1900-01-01,9999-12-31,True
793,793,Mumbai,Maharashtra,2020-03-17,1900-01-01,9999-12-31,True
794,794,Kolkata,West Bengal,2022-12-11,1900-01-01,9999-12-31,True
795,795,Patna,Bihar,2023-12-14,1900-01-01,9999-12-31,True
796,796,Patna,Bihar,2021-09-02,1900-01-01,9999-12-31,True
797,797,Hyderabad,Telangana,2022-12-14,1900-01-01,9999-12-31,True
798,798,Pune,Maharashtra,2021-12-19,1900-01-01,9999-12-31,True
799,799,Lucknow,Uttar Pradesh,2022-11-04,1900-01-01,9999-12-31,True
800,800,Guwahati,Assam,2022-03-26,1900-01-01,9999-12-31,True
801,801,Kochi,Kerala,2023-10-31,1900-01-01,9999-12-31,True
802,802,Chandigarh,Chandigarh,2019-07-13,1900-01-01,9999-12-31,True
803,803,Kolkata,West Bengal,2020-02-10,1900-01-01,9999-12-31,True
804,804,Kolkata,West Bengal,2021-03-24,1900-01-01,9999-12-31,True
805,805,Jaipur,Rajasthan,2022-11-10,1900-01-01,9999-12-31,True
806,806,Patna,Bihar,2020-09-21,1900-01-01,9999-12-31,True
807,807,Guwahati,Assam,2019-07-10,1900-01-01,9999-12-31,True
808,808,Delhi,Delhi,2019-07-31,1900-01-01,9999-12-31,True
809,809,Ahmedabad,Gujarat,2020-07-23,1900-01-01,9999-12-31,True
810,810,Chennai,Tamil Nadu,2021-08-09,1900-01-01,9999-12-31,True
811,811,Kochi,Kerala,2019-06-28,1900-01-01,9999-12-31,True
812,812,Ahmedabad,Gujarat,2019-05-03,1900-01-01,9999-12-31,True
813,813,Mumbai,Maharashtra,2019-02-11,1900-01-01,9999-12-31,True
814,814,Delhi,Delhi,2022-05-20,1900-01-01,9999-12-31,True
815,815,Guwahati,Assam,2021-07-30,1900-01-01,9999-12-31,True
816,816,Chennai,Tamil Nadu,2021-10-18,1900-01-01,9999-12-31,True
817,817,Hyderabad,Telangana,2022-12-26,1900-01-01,9999-12-31,True
818,818,Kochi,Kerala,2022-03-14,1900-01-01,9999-12-31,True
819,819,Lucknow,Uttar Pradesh,2019-02-23,1900-01-01,9999-12-31,True
820,820,Mumbai,Maharashtra,2021-12-16,1900-01-01,9999-12-31,True
821,821,Chennai,Tamil Nadu,2022-07-10,1900-01-01,9999-12-31,True
822,822,Lucknow,Uttar Pradesh,2022-10-04,1900-01-01,9999-12-31,True
823,823,Lucknow,Uttar Pradesh,2022-12-30,1900-01-01,9999-12-31,True
824,824,Hyderabad,Telangana,2020-08-17,1900-01-01,9999-12-31,True
825,825,Hyderabad,Telangana,2020-04-23,1900-01-01,9999-12-31,True
826,826,Ahmedabad,Gujarat,2023-10-29,1900-01-01,9999-12-31,True
827,827,Chandigarh,Chandigarh,2022-01-20,1900-01-01,9999-12-31,True
828,828,Delhi,Delhi,2020-10-04,1900-01-01,9999-12-31,True
829,829,Chandigarh,Chandigarh,2023-01-25,1900-01-01,9999-12-31,True
830,830,Chennai,Tamil Nadu,2022-05-11,1900-01-01,9999-12-31,True
831,831,Hyderabad,Telangana,2020-03-11,1900-01-01,9999-12-31,True
832,832,Pune,Maharashtra,2020-11-12,1900-01-01,9999-12-31,True
833,833,Hyderabad,Telangana,2020-12-09,1900-01-01,9999-12-31,True
834,834,Chennai,Tamil Nadu,2021-02-11,1900-01-01,9999-12-31,True
835,835,Guwahati,Assam,2022-06-19,1900-01-01,9999-12-31,True
836,836,Lucknow,Uttar Pradesh,2021-06-12,1900-01-01,9999-12-31,True
837,837,Chandigarh,Chandigarh,2020-07-28,1900-01-01,9999-12-31,True
838,838,Bhubaneswar,Odisha,2023-04-29,1900-01-01,9999-12-31,True
839,839,Mumbai,Maharashtra,2019-09-07,1900-01-01,9999-12-31,True
840,840,Chandigarh,Chandigarh,2022-04-06,1900-01-01,9999-12-31,True
841,841,Pune,Maharashtra,2021-01-28,1900-01-01,9999-12-31,True
842,842,Chennai,Tamil Nadu,2019-11-02,1900-01-01,9999-12-31,True
843,843,Chandigarh,Chandigarh,2020-06-17,1900-01-01,9999-12-31,True
844,844,Chennai,Tamil Nadu,2021-09-08,1900-01-01,9999-12-31,True
845,845,Bhubaneswar,Odisha,2021-10-29,1900-01-01,9999-12-31,True
846,846,Kochi,Kerala,2019-07-26,1900-01-01,9999-12-31,True
847,847,Chennai,Tamil Nadu,2022-11-15,1900-01-01,9999-12-31,True
848,848,Kochi,Kerala,2022-10-19,1900-01-01,9999-12-31,True
849,849,Hyderabad,Telangana,2023-12-12,1900-01-01,9999-12-31,True
850,850,Pune,Maharashtra,2020-06-27,1900-01-01,9999-12-31,True
851,851,Chandigarh,Chandigarh,2020-04-24,1900-01-01,9999-12-31,True
852,852,Patna,Bihar,2023-04-29,1900-01-01,9999-12-31,True
853,853,Kochi,Kerala,2020-01-19,1900-01-01,9999-12-31,True
854,854,Chennai,Tamil Nadu,2019-10-30,1900-01-01,9999-12-31,True
855,855,Lucknow,Uttar Pradesh,2023-01-24,1900-01-01,9999-12-31,True
856,856,Bhubaneswar,Odisha,2021-08-29,1900-01-01,9999-12-31,True
857,857,Delhi,Delhi,2023-11-22,1900-01-01,9999-12-31,True
858,858,Chennai,Tamil Nadu,2021-11-11,1900-01-01,9999-12-31,True
859,859,Delhi,Delhi,2019-09-05,1900-01-01,9999-12-31,True
860,860,Chandigarh,Chandigarh,2023-12-17,1900-01-01,9999-12-31,True
861,861,Lucknow,Uttar Pradesh,2020-03-31,1900-01-01,9999-12-31,True
862,862,Chandigarh,Chandigarh,2022-10-21,1900-01-01,9999-12-31,True
863,863,Bhubaneswar,Odisha,2019-09-17,1900-01-01,9999-12-31,True
864,864,Jaipur,Rajasthan,2020-11-15,1900-01-01,9999-12-31,True
865,865,Delhi,Delhi,2021-01-05,1900-01-01,9999-12-31,True
866,866,Jaipur,Rajasthan,2021-04-09,1900-01-01,9999-12-31,True
867,867,Patna,Bihar,2021-11-28,1900-01-01,9999-12-31,True
868,868,Lucknow,Uttar Pradesh,2022-03-04,1900-01-01,9999-12-31,True
869,869,Delhi,Delhi,2022-12-23,1900-01-01,9999-12-31,True
870,870,Patna,Bihar,2023-11-02,1900-01-01,9999-12-31,True
871,871,Pune,Maharashtra,2020-05-05,1900-01-01,9999-12-31,True
872,872,Chennai,Tamil Nadu,2021-09-25,1900-01-01,9999-12-31,True
873,873,Guwahati,Assam,2022-12-09,1900-01-01,9999-12-31,True
874,874,Guwahati,Assam,2019-07-01,1900-01-01,9999-12-31,True
875,875,Ahmedabad,Gujarat,2019-08-15,1900-01-01,9999-12-31,True
876,876,Chandigarh,Chandigarh,2021-04-13,1900-01-01,9999-12-31,True
877,877,Bengaluru,Karnataka,2023-12-23,1900-01-01,9999-12-31,True
878,878,Pune,Maharashtra,2019-10-18,1900-01-01,9999-12-31,True
879,879,Jaipur,Rajasthan,2022-04-09,1900-01-01,9999-12-31,True
880,880,Bengaluru,Karnataka,2020-11-09,1900-01-01,9999-12-31,True
881,881,Chandigarh,Chandigarh,2020-12-24,1900-01-01,9999-12-31,True
882,882,Kochi,Kerala,2021-02-22,1900-01-01,9999-12-31,True
883,883,Chennai,Tamil Nadu,2019-01-02,1900-01-01,9999-12-31,True
884,884,Kolkata,West Bengal,2019-08-31,1900-01-01,9999-12-31,True
885,885,Bengaluru,Karnataka,2022-05-25,1900-01-01,9999-12-31,True
886,886,Chennai,Tamil Nadu,2022-06-23,1900-01-01,9999-12-31,True
887,887,Mumbai,Maharashtra,2022-06-20,1900-01-01,9999-12-31,True
888,888,Lucknow,Uttar Pradesh,2020-02-22,1900-01-01,9999-12-31,True
889,889,Chandigarh,Chandigarh,2019-07-08,1900-01-01,9999-12-31,True
890,890,Kochi,Kerala,2019-09-08,1900-01-01,9999-12-31,True
891,891,Kochi,Kerala,2019-05-05,1900-01-01,9999-12-31,True
892,892,Chandigarh,Chandigarh,2021-03-14,1900-01-01,9999-12-31,True
893,893,Kochi,Kerala,2023-08-06,1900-01-01,9999-12-31,True
894,894,Pune,Maharashtra,2019-06-08,1900-01-01,9999-12-31,True
895,895,Kochi,Kerala,2022-10-05,1900-01-01,9999-12-31,True
896,896,Bengaluru,Karnataka,2023-10-24,1900-01-01,9999-12-31,True
897,897,Mumbai,Maharashtra,2020-03-28,1900-01-01,9999-12-31,True
898,898,Kolkata,West Bengal,2021-10-06,1900-01-01,9999-12-31,True
899,899,Pune,Maharashtra,2023-03-28,1900-01-01,9999-12-31,True
900,900,Chandigarh,Chandigarh,2021-08-02,1900-01-01,9999-12-31,True
901,901,Pune,Maharashtra,2022-09-26,1900-01-01,9999-12-31,True
902,902,Jaipur,Rajasthan,2022-12-01,1900-01-01,9999-12-31,True
903,903,Kochi,Kerala,2020-12-05,1900-01-01,9999-12-31,True
904,904,Chennai,Tamil Nadu,2022-03-10,1900-01-01,9999-12-31,True
905,905,Bengaluru,Karnataka,2023-06-10,1900-01-01,9999-12-31,True
906,906,Bengaluru,Karnataka,2023-09-01,1900-01-01,9999-12-31,True
907,907,Lucknow,Uttar Pradesh,2023-04-20,1900-01-01,9999-12-31,True
908,908,Chennai,Tamil Nadu,2021-09-24,1900-01-01,9999-12-31,True
909,909,Kolkata,West Bengal,2023-10-08,1900-01-01,9999-12-31,True
910,910,Bhubaneswar,Odisha,2021-12-07,1900-01-01,9999-12-31,True
911,911,Delhi,Delhi,2020-01-29,1900-01-01,9999-12-31,True
912,912,Kolkata,West Bengal,2021-07-13,1900-01-01,9999-12-31,True
913,913,Pune,Maharashtra,2021-02-12,1900-01-01,9999-12-31,True
914,914,Kolkata,West Bengal,2022-03-14,1900-01-01,9999-12-31,True
915,915,Ahmedabad,Gujarat,2019-06-02,1900-01-01,9999-12-31,True
916,916,Jaipur,Rajasthan,2023-08-08,1900-01-01,9999-12-31,True
917,917,Mumbai,Maharashtra,2020-08-19,1900-01-01,9999-12-31,True
918,918,Ahmedabad,Gujarat,2022-06-29,1900-01-01,9999-12-31,True
919,919,Ahmedabad,Gujarat,2020-03-22,1900-01-01,9999-12-31,True
920,920,Bhubaneswar,Odisha,2021-04-07,1900-01-01,9999-12-31,True
921,921,Patna,Bihar,2022-04-30,1900-01-01,9999-12-31,True
922,922,Bengaluru,Karnataka,2019-01-24,1900-01-01,9999-12-31,True
923,923,Pune,Maharashtra,2019-10-26,1900-01-01,9999-12-31,True
924,924,Mumbai,Maharashtra,2021-08-01,1900-01-01,9999-12-31,True
925,925,Delhi,Delhi,2020-11-09,1900-01-01,9999-12-31,True
926,926,Ahmedabad,Gujarat,2022-11-08,1900-01-01,9999-12-31,True
927,927,Kochi,Kerala,2023-01-12,1900-01-01,9999-12-31,True
928,928,Delhi,Delhi,2019-04-27,1900-01-01,9999-12-31,True
929,929,Ahmedabad,Gujarat,2021-04-10,1900-01-01,9999-12-31,True
930,930,Mumbai,Maharashtra,2021-06-30,1900-01-01,9999-12-31,True
931,931,Pune,Maharashtra,2019-10-15,1900-01-01,9999-12-31,True
932,932,Lucknow,Uttar Pradesh,2020-02-21,1900-01-01,9999-12-31,True
933,933,Kolkata,West Bengal,2019-03-22,1900-01-01,9999-12-31,True
934,934,Chennai,Tamil Nadu,2019-03-25,1900-01-01,9999-12-31,True
935,935,Mumbai,Maharashtra,2023-08-07,1900-01-01,9999-12-31,True
936,936,Mumbai,Maharashtra,2021-10-05,1900-01-01,9999-12-31,True
937,937,Bengaluru,Karnataka,2020-08-10,1900-01-01,9999-12-31,True
938,938,Bengaluru,Karnataka,2020-05-10,1900-01-01,9999-12-31,True
939,939,Patna,Bihar,2019-08-06,1900-01-01,9999-12-31,True
940,940,Chennai,Tamil Nadu,2020-02-12,1900-01-01,9999-12-31,True
941,941,Delhi,Delhi,2023-10-08,1900-01-01,9999-12-31,True
942,942,Kochi,Kerala,2023-04-30,1900-01-01,9999-12-31,True
943,943,Kochi,Kerala,2019-06-07,1900-01-01,9999-12-31,True
944,944,Ahmedabad,Gujarat,2020-11-04,1900-01-01,9999-12-31,True
945,945,Pune,Maharashtra,2022-09-11,1900-01-01,9999-12-31,True
946,946,Kolkata,West Bengal,2020-11-03,1900-01-01,9999-12-31,True
947,947,Kolkata,West Bengal,2022-08-29,1900-01-01,9999-12-31,True
948,948,Patna,Bihar,2019-01-12,1900-01-01,9999-12-31,True
949,949,Kolkata,West Bengal,2020-03-01,1900-01-01,9999-12-31,True
950,950,Jaipur,Rajasthan,2023-10-02,1900-01-01,9999-12-31,True
951,951,Pune,Maharashtra,2023-03-30,1900-01-01,9999-12-31,True
952,952,Delhi,Delhi,2020-01-10,1900-01-01,9999-12-31,True
953,953,Chennai,Tamil Nadu,2021-06-16,1900-01-01,9999-12-31,True
954,954,Kolkata,West Bengal,2022-07-22,1900-01-01,9999-12-31,True
955,955,Chennai,Tamil Nadu,2023-08-09,1900-01-01,9999-12-31,True
956,956,Hyderabad,Telangana,2022-07-03,1900-01-01,9999-12-31,True
957,957,Chandigarh,Chandigarh,2023-11-14,1900-01-01,9999-12-31,True
958,958,Hyderabad,Telangana,2021-07-11,1900-01-01,9999-12-31,True
959,959,Bengaluru,Karnataka,2021-12-16,1900-01-01,9999-12-31,True
960,960,Hyderabad,Telangana,2022-04-23,1900-01-01,9999-12-31,True
961,961,Delhi,Delhi,2020-06-16,1900-01-01,9999-12-31,True
962,962,Chennai,Tamil Nadu,2022-07-02,1900-01-01,9999-12-31,True
963,963,Ahmedabad,Gujarat,2021-04-06,1900-01-01,9999-12-31,True
964,964,Bhubaneswar,Odisha,2023-09-18,1900-01-01,9999-12-31,True
965,965,Delhi,Delhi,2019-10-11,1900-01-01,9999-12-31,True
966,966,Ahmedabad,Gujarat,2021-04-30,1900-01-01,9999-12-31,True
967,967,Bhubaneswar,Odisha,2021-09-05,1900-01-01,9999-12-31,True
968,968,Lucknow,Uttar Pradesh,2020-07-16,1900-01-01,9999-12-31,True
969,969,Delhi,Delhi,2019-06-15,1900-01-01,9999-12-31,True
970,970,Chennai,Tamil Nadu,2020-01-28,1900-01-01,9999-12-31,True
971,971,Kolkata,West Bengal,2019-06-16,1900-01-01,9999-12-31,True
972,972,Bhubaneswar,Odisha,2020-12-24,1900-01-01,9999-12-31,True
973,973,Chandigarh,Chandigarh,2020-04-19,1900-01-01,9999-12-31,True
974,974,Kolkata,West Bengal,2023-10-04,1900-01-01,9999-12-31,True
975,975,Chandigarh,Chandigarh,2019-06-22,1900-01-01,9999-12-31,True
976,976,Delhi,Delhi,2019-08-10,1900-01-01,9999-12-31,True
977,977,Kolkata,West Bengal,2019-08-27,1900-01-01,9999-12-31,True
978,978,Chandigarh,Chandigarh,2022-06-06,1900-01-01,9999-12-31,True
979,979,Lucknow,Uttar Pradesh,2023-08-02,1900-01-01,9999-12-31,True
980,980,Ahmedabad,Gujarat,2023-12-25,1900-01-01,9999-12-31,True
981,981,Guwahati,Assam,2023-01-16,1900-01-01,9999-12-31,True
982,982,Kolkata,West Bengal,2019-08-12,1900-01-01,9999-12-31,True
983,983,Hyderabad,Telangana,2019-11-03,1900-01-01,9999-12-31,True
984,984,Pune,Maharashtra,2021-06-24,1900-01-01,9999-12-31,True
985,985,Kolkata,West Bengal,2019-11-12,1900-01-01,9999-12-31,True
986,986,Hyderabad,Telangana,2020-05-16,1900-01-01,9999-12-31,True
987,987,Guwahati,Assam,2019-03-05,1900-01-01,9999-12-31,True
988,988,Delhi,Delhi,2021-06-29,1900-01-01,9999-12-31,True
989,989,Mumbai,Maharashtra,2019-06-10,1900-01-01,9999-12-31,True
990,990,Guwahati,Assam,2021-02-04,1900-01-01,9999-12-31,True
991,991,Guwahati,Assam,2023-12-11,1900-01-01,9999-12-31,True
992,992,Kolkata,West Bengal,2021-09-20,1900-01-01,9999-12-31,True
993,993,Chennai,Tamil Nadu,2023-07-24,1900-01-01,9999-12-31,True
994,994,Jaipur,Rajasthan,2020-12-09,1900-01-01,9999-12-31,True
995,995,Kochi,Kerala,2020-08-04,1900-01-01,9999-12-31,True
996,996,Chennai,Tamil Nadu,2023-06-23,1900-01-01,9999-12-31,True
997,997,Guwahati,Assam,2023-01-15,1900-01-01,9999-12-31,True
998,998,Chandigarh,Chandigarh,2020-10-14,1900-01-01,9999-12-31,True
999,999,Kochi,Kerala,2019-07-02,1900-01-01,9999-12-31,True
1000,1000,Chandigarh,Chandigarh,2021-08-31,1900-01-01,9999-12-31,True
1001,1001,Ahmedabad,Gujarat,2021-11-16,1900-01-01,9999-12-31,True
1002,1002,Guwahati,Assam,2023-09-03,1900-01-01,9999-12-31,True
1003,1003,Hyderabad,Telangana,2020-03-07,1900-01-01,9999-12-31,True
1004,1004,Patna,Bihar,2023-07-27,1900-01-01,9999-12-31,True
1005,1005,Chandigarh,Chandigarh,2023-09-26,1900-01-01,9999-12-31,True
1006,1006,Delhi,Delhi,2023-03-07,1900-01-01,9999-12-31,True
1007,1007,Hyderabad,Telangana,2019-11-17,1900-01-01,9999-12-31,True
1008,1008,Delhi,Delhi,2019-04-13,1900-01-01,9999-12-31,True
1009,1009,Bengaluru,Karnataka,2021-08-18,1900-01-01,9999-12-31,True
1010,1010,Chandigarh,Chandigarh,2023-08-03,1900-01-01,9999-12-31,True
1011,1011,Mumbai,Maharashtra,2020-09-13,1900-01-01,9999-12-31,True
1012,1012,Kochi,Kerala,2019-04-19,1900-01-01,9999-12-31,True
1013,1013,Bengaluru,Karnataka,2022-11-14,1900-01-01,9999-12-31,True
1014,1014,Guwahati,Assam,2020-11-12,1900-01-01,9999-12-31,True
1015,1015,Patna,Bihar,2020-09-06,1900-01-01,9999-12-31,True
1016,1016,Bengaluru,Karnataka,2023-11-16,1900-01-01,9999-12-31,True
1017,1017,Mumbai,Maharashtra,2022-03-30,1900-01-01,9999-12-31,True
1018,1018,Bengaluru,Karnataka,2020-02-12,1900-01-01,9999-12-31,True
1019,1019,Chandigarh,Chandigarh,2020-07-13,1900-01-01,9999-12-31,True
1020,1020,Kochi,Kerala,2019-11-21,1900-01-01,9999-12-31,True
1021,1021,Hyderabad,Telangana,2023-04-02,1900-01-01,9999-12-31,True
1022,1022,Mumbai,Maharashtra,2022-01-04,1900-01-01,9999-12-31,True
1023,1023,Pune,Maharashtra,2023-09-06,1900-01-01,9999-12-31,True
1024,1024,Pune,Maharashtra,2022-09-22,1900-01-01,9999-12-31,True
1025,1025,Pune,Maharashtra,2023-11-28,1900-01-01,9999-12-31,True
1026,1026,Chandigarh,Chandigarh,2023-02-08,1900-01-01,9999-12-31,True
1027,1027,Ahmedabad,Gujarat,2019-01-21,1900-01-01,9999-12-31,True
1028,1028,Bhubaneswar,Odisha,2022-06-19,1900-01-01,9999-12-31,True
1029,1029,Ahmedabad,Gujarat,2022-12-07,1900-01-01,9999-12-31,True
1030,1030,Bengaluru,Karnataka,2020-12-05,1900-01-01,9999-12-31,True
1031,1031,Hyderabad,Telangana,2023-06-03,1900-01-01,9999-12-31,True
1032,1032,Hyderabad,Telangana,2020-10-02,1900-01-01,9999-12-31,True
1033,1033,Chennai,Tamil Nadu,2023-02-21,1900-01-01,9999-12-31,True
1034,1034,Lucknow,Uttar Pradesh,2021-04-03,1900-01-01,9999-12-31,True
1035,1035,Pune,Maharashtra,2019-02-06,1900-01-01,9999-12-31,True
1036,1036,Jaipur,Rajasthan,2019-05-16,1900-01-01,9999-12-31,True
1037,1037,Pune,Maharashtra,2019-10-21,1900-01-01,9999-12-31,True
1038,1038,Bhubaneswar,Odisha,2020-09-08,1900-01-01,9999-12-31,True
1039,1039,Kolkata,West Bengal,2021-02-26,1900-01-01,9999-12-31,True
1040,1040,Kolkata,West Bengal,2019-10-14,1900-01-01,9999-12-31,True
1041,1041,Kolkata,West Bengal,2020-01-11,1900-01-01,9999-12-31,True
1042,1042,Hyderabad,Telangana,2022-06-26,1900-01-01,9999-12-31,True
1043,1043,Kochi,Kerala,2020-06-26,1900-01-01,9999-12-31,True
1044,1044,Delhi,Delhi,2020-12-18,1900-01-01,9999-12-31,True
1045,1045,Bengaluru,Karnataka,2019-04-10,1900-01-01,9999-12-31,True
1046,1046,Chandigarh,Chandigarh,2019-06-09,1900-01-01,9999-12-31,True
1047,1047,Kochi,Kerala,2019-06-27,1900-01-01,9999-12-31,True
1048,1048,Jaipur,Rajasthan,2022-03-10,1900-01-01,9999-12-31,True
1049,1049,Pune,Maharashtra,2023-03-20,1900-01-01,9999-12-31,True
1050,1050,Hyderabad,Telangana,2021-05-09,1900-01-01,9999-12-31,True
1051,1051,Guwahati,Assam,2022-03-17,1900-01-01,9999-12-31,True
1052,1052,Bengaluru,Karnataka,2020-11-08,1900-01-01,9999-12-31,True
1053,1053,Patna,Bihar,2019-12-07,1900-01-01,9999-12-31,True
1054,1054,Kochi,Kerala,2021-03-13,1900-01-01,9999-12-31,True
1055,1055,Guwahati,Assam,2023-03-08,1900-01-01,9999-12-31,True
1056,1056,Lucknow,Uttar Pradesh,2022-10-04,1900-01-01,9999-12-31,True
1057,1057,Pune,Maharashtra,2022-05-04,1900-01-01,9999-12-31,True
1058,1058,Pune,Maharashtra,2021-10-07,1900-01-01,9999-12-31,True
1059,1059,Jaipur,Rajasthan,2021-02-03,1900-01-01,9999-12-31,True
1060,1060,Mumbai,Maharashtra,2021-05-19,1900-01-01,9999-12-31,True
1061,1061,Guwahati,Assam,2023-07-06,1900-01-01,9999-12-31,True
1062,1062,Kolkata,West Bengal,2021-11-08,1900-01-01,9999-12-31,True
1063,1063,Patna,Bihar,2019-08-08,1900-01-01,9999-12-31,True
1064,1064,Kolkata,West Bengal,2023-09-29,1900-01-01,9999-12-31,True
1065,1065,Kochi,Kerala,2023-01-15,1900-01-01,9999-12-31,True
1066,1066,Pune,Maharashtra,2021-02-11,1900-01-01,9999-12-31,True
1067,1067,Delhi,Delhi,2023-12-26,1900-01-01,9999-12-31,True
1068,1068,Lucknow,Uttar Pradesh,2020-08-06,1900-01-01,9999-12-31,True
1069,1069,Pune,Maharashtra,2020-12-09,1900-01-01,9999-12-31,True
1070,1070,Jaipur,Rajasthan,2023-04-13,1900-01-01,9999-12-31,True
1071,1071,Jaipur,Rajasthan,2023-08-01,1900-01-01,9999-12-31,True
1072,1072,Mumbai,Maharashtra,2022-11-27,1900-01-01,9999-12-31,True
1073,1073,Chandigarh,Chandigarh,2019-10-01,1900-01-01,9999-12-31,True
1074,1074,Jaipur,Rajasthan,2021-10-23,1900-01-01,9999-12-31,True
1075,1075,Bhubaneswar,Odisha,2023-05-03,1900-01-01,9999-12-31,True
1076,1076,Jaipur,Rajasthan,2020-04-27,1900-01-01,9999-12-31,True
1077,1077,Ahmedabad,Gujarat,2019-03-10,1900-01-01,9999-12-31,True
1078,1078,Guwahati,Assam,2019-09-20,1900-01-01,9999-12-31,True
1079,1079,Mumbai,Maharashtra,2020-12-23,1900-01-01,9999-12-31,True
1080,1080,Patna,Bihar,2019-03-31,1900-01-01,9999-12-31,True
1081,1081,Ahmedabad,Gujarat,2023-06-26,1900-01-01,9999-12-31,True
1082,1082,Kochi,Kerala,2023-01-31,1900-01-01,9999-12-31,True
1083,1083,Chandigarh,Chandigarh,2020-05-26,1900-01-01,9999-12-31,True
1084,1084,Chandigarh,Chandigarh,2023-11-10,1900-01-01,9999-12-31,True
1085,1085,Chandigarh,Chandigarh,2020-07-02,1900-01-01,9999-12-31,True
1086,1086,Kochi,Kerala,2020-05-06,1900-01-01,9999-12-31,True
1087,1087,Pune,Maharashtra,2019-12-09,1900-01-01,9999-12-31,True
1088,1088,Pune,Maharashtra,2022-09-14,1900-01-01,9999-12-31,True
1089,1089,Mumbai,Maharashtra,2023-02-07,1900-01-01,9999-12-31,True
1090,1090,Guwahati,Assam,2019-04-30,1900-01-01,9999-12-31,True
1091,1091,Bengaluru,Karnataka,2019-09-05,1900-01-01,9999-12-31,True
1092,1092,Kochi,Kerala,2019-12-18,1900-01-01,9999-12-31,True
1093,1093,Guwahati,Assam,2020-03-31,1900-01-01,9999-12-31,True
1094,1094,Chennai,Tamil Nadu,2023-08-03,1900-01-01,9999-12-31,True
1095,1095,Chennai,Tamil Nadu,2020-11-03,1900-01-01,9999-12-31,True
1096,1096,Jaipur,Rajasthan,2020-12-25,1900-01-01,9999-12-31,True
1097,1097,Kolkata,West Bengal,2020-03-17,1900-01-01,9999-12-31,True
1098,1098,Kochi,Kerala,2019-11-21,1900-01-01,9999-12-31,True
1099,1099,Patna,Bihar,2020-09-20,1900-01-01,9999-12-31,True
1100,1100,Kochi,Kerala,2020-06-04,1900-01-01,9999-12-31,True
1101,1101,Ahmedabad,Gujarat,2019-10-25,1900-01-01,9999-12-31,True
1102,1102,Ahmedabad,Gujarat,2022-03-27,1900-01-01,9999-12-31,True
1103,1103,Guwahati,Assam,2022-04-04,1900-01-01,9999-12-31,True
1104,1104,Chandigarh,Chandigarh,2023-04-27,1900-01-01,9999-12-31,True
1105,1105,Chandigarh,Chandigarh,2023-07-22,1900-01-01,9999-12-31,True
1106,1106,Delhi,Delhi,2020-02-13,1900-01-01,9999-12-31,True
1107,1107,Mumbai,Maharashtra,2021-02-12,1900-01-01,9999-12-31,True
1108,1108,Bengaluru,Karnataka,2021-04-17,1900-01-01,9999-12-31,True
1109,1109,Pune,Maharashtra,2020-07-05,1900-01-01,9999-12-31,True
1110,1110,Kochi,Kerala,2019-01-14,1900-01-01,9999-12-31,True
1111,1111,Guwahati,Assam,2020-06-28,1900-01-01,9999-12-31,True
1112,1112,Bengaluru,Karnataka,2019-04-27,1900-01-01,9999-12-31,True
1113,1113,Bhubaneswar,Odisha,2023-04-22,1900-01-01,9999-12-31,True
1114,1114,Hyderabad,Telangana,2019-12-10,1900-01-01,9999-12-31,True
1115,1115,Bengaluru,Karnataka,2023-06-30,1900-01-01,9999-12-31,True
1116,1116,Jaipur,Rajasthan,2022-05-27,1900-01-01,9999-12-31,True
1117,1117,Chennai,Tamil Nadu,2023-12-26,1900-01-01,9999-12-31,True
1118,1118,Jaipur,Rajasthan,2021-01-08,1900-01-01,9999-12-31,True
1119,1119,Guwahati,Assam,2020-09-18,1900-01-01,9999-12-31,True
1120,1120,Ahmedabad,Gujarat,2022-03-10,1900-01-01,9999-12-31,True
1121,1121,Patna,Bihar,2021-07-14,1900-01-01,9999-12-31,True
1122,1122,Patna,Bihar,2020-06-20,1900-01-01,9999-12-31,True
1123,1123,Delhi,Delhi,2022-09-14,1900-01-01,9999-12-31,True
1124,1124,Kolkata,West Bengal,2022-04-09,1900-01-01,9999-12-31,True
1125,1125,Pune,Maharashtra,2020-02-12,1900-01-01,9999-12-31,True
1126,1126,Bengaluru,Karnataka,2022-12-09,1900-01-01,9999-12-31,True
1127,1127,Ahmedabad,Gujarat,2020-04-20,1900-01-01,9999-12-31,True
1128,1128,Bengaluru,Karnataka,2023-04-03,1900-01-01,9999-12-31,True
1129,1129,Chennai,Tamil Nadu,2023-05-01,1900-01-01,9999-12-31,True
1130,1130,Jaipur,Rajasthan,2023-06-12,1900-01-01,9999-12-31,True
1131,1131,Kochi,Kerala,2023-05-03,1900-01-01,9999-12-31,True
1132,1132,Kochi,Kerala,2020-06-28,1900-01-01,9999-12-31,True
1133,1133,Patna,Bihar,2019-09-08,1900-01-01,9999-12-31,True
1134,1134,Kochi,Kerala,2021-01-16,1900-01-01,9999-12-31,True
1135,1135,Mumbai,Maharashtra,2020-07-31,1900-01-01,9999-12-31,True
1136,1136,Kochi,Kerala,2021-06-08,1900-01-01,9999-12-31,True
1137,1137,Bhubaneswar,Odisha,2022-03-03,1900-01-01,9999-12-31,True
1138,1138,Bengaluru,Karnataka,2020-05-14,1900-01-01,9999-12-31,True
1139,1139,Jaipur,Rajasthan,2021-06-12,1900-01-01,9999-12-31,True
1140,1140,Jaipur,Rajasthan,2022-01-26,1900-01-01,9999-12-31,True
1141,1141,Jaipur,Rajasthan,2021-02-21,1900-01-01,9999-12-31,True
1142,1142,Guwahati,Assam,2019-01-09,1900-01-01,9999-12-31,True
1143,1143,Chennai,Tamil Nadu,2023-09-30,1900-01-01,9999-12-31,True
1144,1144,Kolkata,West Bengal,2019-12-14,1900-01-01,9999-12-31,True
1145,1145,Kolkata,West Bengal,2020-02-17,1900-01-01,9999-12-31,True
1146,1146,Kochi,Kerala,2019-08-24,1900-01-01,9999-12-31,True
1147,1147,Kolkata,West Bengal,2021-12-10,1900-01-01,9999-12-31,True
1148,1148,Bhubaneswar,Odisha,2023-02-12,1900-01-01,9999-12-31,True
1149,1149,Bhubaneswar,Odisha,2021-04-12,1900-01-01,9999-12-31,True
1150,1150,Patna,Bihar,2020-09-08,1900-01-01,9999-12-31,True
1151,1151,Jaipur,Rajasthan,2023-12-23,1900-01-01,9999-12-31,True
1152,1152,Patna,Bihar,2022-09-30,1900-01-01,9999-12-31,True
1153,1153,Ahmedabad,Gujarat,2019-02-04,1900-01-01,9999-12-31,True
1154,1154,Chandigarh,Chandigarh,2020-01-21,1900-01-01,9999-12-31,True
1155,1155,Bengaluru,Karnataka,2019-11-05,1900-01-01,9999-12-31,True
1156,1156,Kolkata,West Bengal,2020-11-15,1900-01-01,9999-12-31,True
1157,1157,Chennai,Tamil Nadu,2022-02-11,1900-01-01,9999-12-31,True
1158,1158,Mumbai,Maharashtra,2022-04-07,1900-01-01,9999-12-31,True
1159,1159,Mumbai,Maharashtra,2022-06-12,1900-01-01,9999-12-31,True
1160,1160,Patna,Bihar,2020-11-24,1900-01-01,9999-12-31,True
1161,1161,Mumbai,Maharashtra,2022-07-04,1900-01-01,9999-12-31,True
1162,1162,Guwahati,Assam,2020-07-03,1900-01-01,9999-12-31,True
1163,1163,Kochi,Kerala,2020-05-07,1900-01-01,9999-12-31,True
1164,1164,Ahmedabad,Gujarat,2023-02-24,1900-01-01,9999-12-31,True
1165,1165,Hyderabad,Telangana,2022-08-04,1900-01-01,9999-12-31,True
1166,1166,Bhubaneswar,Odisha,2019-07-28,1900-01-01,9999-12-31,True
1167,1167,Hyderabad,Telangana,2019-12-29,1900-01-01,9999-12-31,True
1168,1168,Hyderabad,Telangana,2023-02-26,1900-01-01,9999-12-31,True
1169,1169,Bhubaneswar,Odisha,2022-07-07,1900-01-01,9999-12-31,True
1170,1170,Bengaluru,Karnataka,2019-03-13,1900-01-01,9999-12-31,True
1171,1171,Kochi,Kerala,2022-06-09,1900-01-01,9999-12-31,True
1172,1172,Bengaluru,Karnataka,2020-03-03,1900-01-01,9999-12-31,True
1173,1173,Kolkata,West Bengal,2023-07-14,1900-01-01,9999-12-31,True
1174,1174,Delhi,Delhi,2023-09-29,1900-01-01,9999-12-31,True
1175,1175,Ahmedabad,Gujarat,2022-08-13,1900-01-01,9999-12-31,True
1176,1176,Hyderabad,Telangana,2022-03-21,1900-01-01,9999-12-31,True
1177,1177,Delhi,Delhi,2020-04-27,1900-01-01,9999-12-31,True
1178,1178,Patna,Bihar,2023-01-24,1900-01-01,9999-12-31,True
1179,1179,Delhi,Delhi,2020-10-19,1900-01-01,9999-12-31,True
1180,1180,Ahmedabad,Gujarat,2022-09-09,1900-01-01,9999-12-31,True
1181,1181,Chandigarh,Chandigarh,2019-01-18,1900-01-01,9999-12-31,True
1182,1182,Kolkata,West Bengal,2020-08-22,1900-01-01,9999-12-31,True
1183,1183,Pune,Maharashtra,2023-05-23,1900-01-01,9999-12-31,True
1184,1184,Lucknow,Uttar Pradesh,2023-01-27,1900-01-01,9999-12-31,True
1185,1185,Pune,Maharashtra,2021-01-01,1900-01-01,9999-12-31,True
1186,1186,Patna,Bihar,2023-03-06,1900-01-01,9999-12-31,True
1187,1187,Bengaluru,Karnataka,2022-03-30,1900-01-01,9999-12-31,True
1188,1188,Bengaluru,Karnataka,2019-08-30,1900-01-01,9999-12-31,True
1189,1189,Delhi,Delhi,2019-07-09,1900-01-01,9999-12-31,True
1190,1190,Mumbai,Maharashtra,2019-11-27,1900-01-01,9999-12-31,True
1191,1191,Bengaluru,Karnataka,2022-01-20,1900-01-01,9999-12-31,True
1192,1192,Jaipur,Rajasthan,2023-08-07,1900-01-01,9999-12-31,True
1193,1193,Chennai,Tamil Nadu,2021-03-15,1900-01-01,9999-12-31,True
1194,1194,Delhi,Delhi,2022-04-10,1900-01-01,9999-12-31,True
1195,1195,Kolkata,West Bengal,2022-11-01,1900-01-01,9999-12-31,True
1196,1196,Delhi,Delhi,2021-08-05,1900-01-01,9999-12-31,True
1197,1197,Mumbai,Maharashtra,2022-04-22,1900-01-01,9999-12-31,True
1198,1198,Chandigarh,Chandigarh,2020-09-22,1900-01-01,9999-12-31,True
1199,1199,Chennai,Tamil Nadu,2023-03-12,1900-01-01,9999-12-31,True
1200,1200,Delhi,Delhi,2022-03-20,1900-01-01,9999-12-31,True
1201,1201,Ahmedabad,Gujarat,2023-03-30,1900-01-01,9999-12-31,True
1202,1202,Bengaluru,Karnataka,2019-05-17,1900-01-01,9999-12-31,True
1203,1203,Kolkata,West Bengal,2020-03-15,1900-01-01,9999-12-31,True
1204,1204,Kolkata,West Bengal,2021-07-14,1900-01-01,9999-12-31,True
1205,1205,Kolkata,West Bengal,2023-01-31,1900-01-01,9999-12-31,True
1206,1206,Lucknow,Uttar Pradesh,2021-03-21,1900-01-01,9999-12-31,True
1207,1207,Pune,Maharashtra,2023-04-13,1900-01-01,9999-12-31,True
1208,1208,Ahmedabad,Gujarat,2019-08-05,1900-01-01,9999-12-31,True
1209,1209,Lucknow,Uttar Pradesh,2019-07-07,1900-01-01,9999-12-31,True
1210,1210,Bhubaneswar,Odisha,2021-10-13,1900-01-01,9999-12-31,True
1211,1211,Guwahati,Assam,2022-12-16,1900-01-01,9999-12-31,True
1212,1212,Lucknow,Uttar Pradesh,2021-10-23,1900-01-01,9999-12-31,True
1213,1213,Chennai,Tamil Nadu,2020-10-25,1900-01-01,9999-12-31,True
1214,1214,Kolkata,West Bengal,2023-03-21,1900-01-01,9999-12-31,True
1215,1215,Guwahati,Assam,2022-07-31,1900-01-01,9999-12-31,True
1216,1216,Pune,Maharashtra,2019-07-28,1900-01-01,9999-12-31,True
1217,1217,Chennai,Tamil Nadu,2020-09-14,1900-01-01,9999-12-31,True
1218,1218,Chennai,Tamil Nadu,2020-11-13,1900-01-01,9999-12-31,True
1219,1219,Kochi,Kerala,2023-06-25,1900-01-01,9999-12-31,True
1220,1220,Bhubaneswar,Odisha,2023-02-08,1900-01-01,9999-12-31,True
1221,1221,Bhubaneswar,Odisha,2020-04-09,1900-01-01,9999-12-31,True
1222,1222,Hyderabad,Telangana,2019-08-09,1900-01-01,9999-12-31,True
1223,1223,Lucknow,Uttar Pradesh,2021-04-14,1900-01-01,9999-12-31,True
1224,1224,Ahmedabad,Gujarat,2019-07-16,1900-01-01,9999-12-31,True
1225,1225,Ahmedabad,Gujarat,2023-08-19,1900-01-01,9999-12-31,True
1226,1226,Lucknow,Uttar Pradesh,2021-04-14,1900-01-01,9999-12-31,True
1227,1227,Delhi,Delhi,2023-10-26,1900-01-01,9999-12-31,True
1228,1228,Ahmedabad,Gujarat,2022-09-05,1900-01-01,9999-12-31,True
1229,1229,Pune,Maharashtra,2023-08-14,1900-01-01,9999-12-31,True
1230,1230,Guwahati,Assam,2022-08-26,1900-01-01,9999-12-31,True
1231,1231,Jaipur,Rajasthan,2020-12-08,1900-01-01,9999-12-31,True
1232,1232,Kolkata,West Bengal,2023-05-28,1900-01-01,9999-12-31,True
1233,1233,Guwahati,Assam,2020-05-14,1900-01-01,9999-12-31,True
1234,1234,Chandigarh,Chandigarh,2021-04-06,1900-01-01,9999-12-31,True
1235,1235,Mumbai,Maharashtra,2021-01-23,1900-01-01,9999-12-31,True
1236,1236,Bhubaneswar,Odisha,2023-03-19,1900-01-01,9999-12-31,True
1237,1237,Bengaluru,Karnataka,2020-01-02,1900-01-01,9999-12-31,True
1238,1238,Lucknow,Uttar Pradesh,2023-08-09,1900-01-01,9999-12-31,True
1239,1239,Kolkata,West Bengal,2021-07-08,1900-01-01,9999-12-31,True
1240,1240,Lucknow,Uttar Pradesh,2022-10-20,1900-01-01,9999-12-31,True
1241,1241,Guwahati,Assam,2022-05-15,1900-01-01,9999-12-31,True
1242,1242,Bhubaneswar,Odisha,2023-01-15,1900-01-01,9999-12-31,True
1243,1243,Hyderabad,Telangana,2020-11-26,1900-01-01,9999-12-31,True
1244,1244,Patna,Bihar,2019-12-31,1900-01-01,9999-12-31,True
1245,1245,Chandigarh,Chandigarh,2022-06-01,1900-01-01,9999-12-31,True
1246,1246,Kolkata,West Bengal,2022-06-14,1900-01-01,9999-12-31,True
1247,1247,Jaipur,Rajasthan,2022-10-07,1900-01-01,9999-12-31,True
1248,1248,Jaipur,Rajasthan,2023-01-25,1900-01-01,9999-12-31,True
1249,1249,Ahmedabad,Gujarat,2022-09-16,1900-01-01,9999-12-31,True
1250,1250,Kochi,Kerala,2021-07-21,1900-01-01,9999-12-31,True
1251,1251,Kochi,Kerala,2023-08-18,1900-01-01,9999-12-31,True
1252,1252,Pune,Maharashtra,2023-10-12,1900-01-01,9999-12-31,True
1253,1253,Patna,Bihar,2019-01-24,1900-01-01,9999-12-31,True
1254,1254,Kolkata,West Bengal,2022-02-06,1900-01-01,9999-12-31,True
1255,1255,Ahmedabad,Gujarat,2023-07-22,1900-01-01,9999-12-31,True
1256,1256,Mumbai,Maharashtra,2022-11-17,1900-01-01,9999-12-31,True
1257,1257,Jaipur,Rajasthan,2021-03-30,1900-01-01,9999-12-31,True
1258,1258,Ahmedabad,Gujarat,2023-10-23,1900-01-01,9999-12-31,True
1259,1259,Patna,Bihar,2020-11-19,1900-01-01,9999-12-31,True
1260,1260,Hyderabad,Telangana,2021-10-12,1900-01-01,9999-12-31,True
1261,1261,Lucknow,Uttar Pradesh,2021-12-01,1900-01-01,9999-12-31,True
1262,1262,Ahmedabad,Gujarat,2020-08-26,1900-01-01,9999-12-31,True
1263,1263,Chennai,Tamil Nadu,2019-10-08,1900-01-01,9999-12-31,True
1264,1264,Pune,Maharashtra,2022-11-12,1900-01-01,9999-12-31,True
1265,1265,Lucknow,Uttar Pradesh,2022-12-12,1900-01-01,9999-12-31,True
1266,1266,Jaipur,Rajasthan,2022-12-01,1900-01-01,9999-12-31,True
1267,1267,Ahmedabad,Gujarat,2020-02-06,1900-01-01,9999-12-31,True
1268,1268,Pune,Maharashtra,2019-05-05,1900-01-01,9999-12-31,True
1269,1269,Bhubaneswar,Odisha,2021-01-29,1900-01-01,9999-12-31,True
1270,1270,Kochi,Kerala,2020-09-29,1900-01-01,9999-12-31,True
1271,1271,Mumbai,Maharashtra,2020-08-27,1900-01-01,9999-12-31,True
1272,1272,Bhubaneswar,Odisha,2023-10-01,1900-01-01,9999-12-31,True
1273,1273,Lucknow,Uttar Pradesh,2019-07-29,1900-01-01,9999-12-31,True
1274,1274,Lucknow,Uttar Pradesh,2020-03-14,1900-01-01,9999-12-31,True
1275,1275,Pune,Maharashtra,2022-05-30,1900-01-01,9999-12-31,True
1276,1276,Jaipur,Rajasthan,2023-07-30,1900-01-01,9999-12-31,True
1277,1277,Guwahati,Assam,2020-04-13,1900-01-01,9999-12-31,True
1278,1278,Pune,Maharashtra,2023-07-22,1900-01-01,9999-12-31,True
1279,1279,Delhi,Delhi,2023-01-05,1900-01-01,9999-12-31,True
1280,1280,Pune,Maharashtra,2019-03-22,1900-01-01,9999-12-31,True
1281,1281,Chennai,Tamil Nadu,2021-07-26,1900-01-01,9999-12-31,True
1282,1282,Chandigarh,Chandigarh,2023-11-09,1900-01-01,9999-12-31,True
1283,1283,Patna,Bihar,2020-01-20,1900-01-01,9999-12-31,True
1284,1284,Patna,Bihar,2023-03-06,1900-01-01,9999-12-31,True
1285,1285,Lucknow,Uttar Pradesh,2023-02-21,1900-01-01,9999-12-31,True
1286,1286,Chandigarh,Chandigarh,2022-09-25,1900-01-01,9999-12-31,True
1287,1287,Kolkata,West Bengal,2021-04-18,1900-01-01,9999-12-31,True
1288,1288,Delhi,Delhi,2019-06-09,1900-01-01,9999-12-31,True
1289,1289,Patna,Bihar,2022-12-20,1900-01-01,9999-12-31,True
1290,1290,Bhubaneswar,Odisha,2023-07-21,1900-01-01,9999-12-31,True
1291,1291,Chandigarh,Chandigarh,2021-04-03,1900-01-01,9999-12-31,True
1292,1292,Jaipur,Rajasthan,2020-07-31,1900-01-01,9999-12-31,True
1293,1293,Kolkata,West Bengal,2021-09-03,1900-01-01,9999-12-31,True
1294,1294,Chandigarh,Chandigarh,2022-07-03,1900-01-01,9999-12-31,True
1295,1295,Pune,Maharashtra,2023-08-21,1900-01-01,9999-12-31,True
1296,1296,Kochi,Kerala,2022-12-07,1900-01-01,9999-12-31,True
1297,1297,Bhubaneswar,Odisha,2020-05-28,1900-01-01,9999-12-31,True
1298,1298,Guwahati,Assam,2020-12-22,1900-01-01,9999-12-31,True
1299,1299,Bengaluru,Karnataka,2019-10-13,1900-01-01,9999-12-31,True
1300,1300,Patna,Bihar,2022-09-24,1900-01-01,9999-12-31,True
1301,1301,Kolkata,West Bengal,2020-06-27,1900-01-01,9999-12-31,True
1302,1302,Bengaluru,Karnataka,2021-10-07,1900-01-01,9999-12-31,True
1303,1303,Chandigarh,Chandigarh,2019-03-18,1900-01-01,9999-12-31,True
1304,1304,Lucknow,Uttar Pradesh,2021-09-26,1900-01-01,9999-12-31,True
1305,1305,Ahmedabad,Gujarat,2020-01-19,1900-01-01,9999-12-31,True
1306,1306,Kochi,Kerala,2021-01-23,1900-01-01,9999-12-31,True
1307,1307,Lucknow,Uttar Pradesh,2019-10-21,1900-01-01,9999-12-31,True
1308,1308,Kochi,Kerala,2019-12-21,1900-01-01,9999-12-31,True
1309,1309,Pune,Maharashtra,2023-04-03,1900-01-01,9999-12-31,True
1310,1310,Kochi,Kerala,2020-06-14,1900-01-01,9999-12-31,True
1311,1311,Hyderabad,Telangana,2019-06-29,1900-01-01,9999-12-31,True
1312,1312,Pune,Maharashtra,2020-10-13,1900-01-01,9999-12-31,True
1313,1313,Chennai,Tamil Nadu,2020-06-04,1900-01-01,9999-12-31,True
1314,1314,Chandigarh,Chandigarh,2020-08-02,1900-01-01,9999-12-31,True
1315,1315,Chennai,Tamil Nadu,2022-01-29,1900-01-01,9999-12-31,True
1316,1316,Hyderabad,Telangana,2021-10-29,1900-01-01,9999-12-31,True
1317,1317,Hyderabad,Telangana,2023-10-16,1900-01-01,9999-12-31,True
1318,1318,Chennai,Tamil Nadu,2020-07-25,1900-01-01,9999-12-31,True
1319,1319,Kochi,Kerala,2020-05-19,1900-01-01,9999-12-31,True
1320,1320,Chandigarh,Chandigarh,2022-05-25,1900-01-01,9999-12-31,True
1321,1321,Kochi,Kerala,2021-04-24,1900-01-01,9999-12-31,True
1322,1322,Patna,Bihar,2021-06-07,1900-01-01,9999-12-31,True
1323,1323,Kolkata,West Bengal,2022-03-24,1900-01-01,9999-12-31,True
1324,1324,Ahmedabad,Gujarat,2023-04-17,1900-01-01,9999-12-31,True
1325,1325,Chandigarh,Chandigarh,2019-12-25,1900-01-01,9999-12-31,True
1326,1326,Jaipur,Rajasthan,2023-06-17,1900-01-01,9999-12-31,True
1327,1327,Pune,Maharashtra,2023-01-23,1900-01-01,9999-12-31,True
1328,1328,Jaipur,Rajasthan,2023-07-13,1900-01-01,9999-12-31,True
1329,1329,Guwahati,Assam,2021-05-11,1900-01-01,9999-12-31,True
1330,1330,Jaipur,Rajasthan,2020-12-17,1900-01-01,9999-12-31,True
1331,1331,Bengaluru,Karnataka,2021-04-28,1900-01-01,9999-12-31,True
1332,1332,Patna,Bihar,2020-12-25,1900-01-01,9999-12-31,True
1333,1333,Patna,Bihar,2022-04-24,1900-01-01,9999-12-31,True
1334,1334,Chennai,Tamil Nadu,2019-09-14,1900-01-01,9999-12-31,True
1335,1335,Pune,Maharashtra,2021-10-30,1900-01-01,9999-12-31,True
1336,1336,Kolkata,West Bengal,2023-09-10,1900-01-01,9999-12-31,True
1337,1337,Delhi,Delhi,2022-10-21,1900-01-01,9999-12-31,True
1338,1338,Mumbai,Maharashtra,2020-04-27,1900-01-01,9999-12-31,True
1339,1339,Chandigarh,Chandigarh,2022-05-05,1900-01-01,9999-12-31,True
1340,1340,Kolkata,West Bengal,2020-12-09,1900-01-01,9999-12-31,True
1341,1341,Kochi,Kerala,2019-03-14,1900-01-01,9999-12-31,True
1342,1342,Kolkata,West Bengal,2022-07-08,1900-01-01,9999-12-31,True
1343,1343,Chandigarh,Chandigarh,2021-11-22,1900-01-01,9999-12-31,True
1344,1344,Patna,Bihar,2022-04-07,1900-01-01,9999-12-31,True
1345,1345,Kochi,Kerala,2021-07-31,1900-01-01,9999-12-31,True
1346,1346,Pune,Maharashtra,2021-07-31,1900-01-01,9999-12-31,True
1347,1347,Lucknow,Uttar Pradesh,2021-06-07,1900-01-01,9999-12-31,True
1348,1348,Kolkata,West Bengal,2021-07-04,1900-01-01,9999-12-31,True
1349,1349,Patna,Bihar,2019-10-30,1900-01-01,9999-12-31,True
1350,1350,Kochi,Kerala,2022-03-20,1900-01-01,9999-12-31,True
1351,1351,Ahmedabad,Gujarat,2019-12-08,1900-01-01,9999-12-31,True
1352,1352,Pune,Maharashtra,2022-04-21,1900-01-01,9999-12-31,True
1353,1353,Kochi,Kerala,2022-08-07,1900-01-01,9999-12-31,True
1354,1354,Ahmedabad,Gujarat,2021-05-24,1900-01-01,9999-12-31,True
1355,1355,Delhi,Delhi,2019-02-10,1900-01-01,9999-12-31,True
1356,1356,Chandigarh,Chandigarh,2021-11-12,1900-01-01,9999-12-31,True
1357,1357,Kochi,Kerala,2022-02-22,1900-01-01,9999-12-31,True
1358,1358,Kolkata,West Bengal,2019-04-13,1900-01-01,9999-12-31,True
1359,1359,Ahmedabad,Gujarat,2021-07-31,1900-01-01,9999-12-31,True
1360,1360,Chennai,Tamil Nadu,2023-05-23,1900-01-01,9999-12-31,True
1361,1361,Kolkata,West Bengal,2020-01-31,1900-01-01,9999-12-31,True
1362,1362,Bengaluru,Karnataka,2019-11-08,1900-01-01,9999-12-31,True
1363,1363,Patna,Bihar,2022-12-21,1900-01-01,9999-12-31,True
1364,1364,Ahmedabad,Gujarat,2020-04-27,1900-01-01,9999-12-31,True
1365,1365,Guwahati,Assam,2021-12-24,1900-01-01,9999-12-31,True
1366,1366,Bengaluru,Karnataka,2020-11-21,1900-01-01,9999-12-31,True
1367,1367,Kolkata,West Bengal,2019-01-31,1900-01-01,9999-12-31,True
1368,1368,Chennai,Tamil Nadu,2023-02-17,1900-01-01,9999-12-31,True
1369,1369,Lucknow,Uttar Pradesh,2021-05-18,1900-01-01,9999-12-31,True
1370,1370,Chandigarh,Chandigarh,2021-07-07,1900-01-01,9999-12-31,True
1371,1371,Guwahati,Assam,2021-05-30,1900-01-01,9999-12-31,True
1372,1372,Chennai,Tamil Nadu,2023-02-19,1900-01-01,9999-12-31,True
1373,1373,Kolkata,West Bengal,2021-02-06,1900-01-01,9999-12-31,True
1374,1374,Mumbai,Maharashtra,2021-02-21,1900-01-01,9999-12-31,True
1375,1375,Guwahati,Assam,2020-10-01,1900-01-01,9999-12-31,True
1376,1376,Chandigarh,Chandigarh,2019-09-02,1900-01-01,9999-12-31,True
1377,1377,Ahmedabad,Gujarat,2023-07-19,1900-01-01,9999-12-31,True
1378,1378,Delhi,Delhi,2021-12-27,1900-01-01,9999-12-31,True
1379,1379,Bengaluru,Karnataka,2019-12-11,1900-01-01,9999-12-31,True
1380,1380,Kolkata,West Bengal,2019-08-04,1900-01-01,9999-12-31,True
1381,1381,Kolkata,West Bengal,2022-04-09,1900-01-01,9999-12-31,True
1382,1382,Jaipur,Rajasthan,2020-10-23,1900-01-01,9999-12-31,True
1383,1383,Kochi,Kerala,2022-04-04,1900-01-01,9999-12-31,True
1384,1384,Hyderabad,Telangana,2023-04-10,1900-01-01,9999-12-31,True
1385,1385,Kochi,Kerala,2022-01-21,1900-01-01,9999-12-31,True
1386,1386,Kochi,Kerala,2021-01-24,1900-01-01,9999-12-31,True
1387,1387,Ahmedabad,Gujarat,2020-11-06,1900-01-01,9999-12-31,True
1388,1388,Jaipur,Rajasthan,2023-12-10,1900-01-01,9999-12-31,True
1389,1389,Bengaluru,Karnataka,2022-09-04,1900-01-01,9999-12-31,True
1390,1390,Jaipur,Rajasthan,2021-03-26,1900-01-01,9999-12-31,True
1391,1391,Hyderabad,Telangana,2020-01-27,1900-01-01,9999-12-31,True
1392,1392,Bhubaneswar,Odisha,2023-01-01,1900-01-01,9999-12-31,True
1393,1393,Bhubaneswar,Odisha,2020-12-11,1900-01-01,9999-12-31,True
1394,1394,Bengaluru,Karnataka,2023-02-11,1900-01-01,9999-12-31,True
1395,1395,Pune,Maharashtra,2019-06-10,1900-01-01,9999-12-31,True
1396,1396,Bengaluru,Karnataka,2020-11-07,1900-01-01,9999-12-31,True
1397,1397,Hyderabad,Telangana,2023-08-26,1900-01-01,9999-12-31,True
1398,1398,Chennai,Tamil Nadu,2020-06-06,1900-01-01,9999-12-31,True
1399,1399,Kolkata,West Bengal,2022-03-14,1900-01-01,9999-12-31,True
1400,1400,Chandigarh,Chandigarh,2020-01-04,1900-01-01,9999-12-31,True
1401,1401,Kochi,Kerala,2019-12-22,1900-01-01,9999-12-31,True
1402,1402,Mumbai,Maharashtra,2022-06-28,1900-01-01,9999-12-31,True
1403,1403,Chandigarh,Chandigarh,2020-10-18,1900-01-01,9999-12-31,True
1404,1404,Hyderabad,Telangana,2019-06-08,1900-01-01,9999-12-31,True
1405,1405,Ahmedabad,Gujarat,2020-10-06,1900-01-01,9999-12-31,True
1406,1406,Jaipur,Rajasthan,2021-12-05,1900-01-01,9999-12-31,True
1407,1407,Jaipur,Rajasthan,2022-09-06,1900-01-01,9999-12-31,True
1408,1408,Hyderabad,Telangana,2021-09-30,1900-01-01,9999-12-31,True
1409,1409,Pune,Maharashtra,2023-10-24,1900-01-01,9999-12-31,True
1410,1410,Chandigarh,Chandigarh,2022-01-11,1900-01-01,9999-12-31,True
1411,1411,Kolkata,West Bengal,2023-08-24,1900-01-01,9999-12-31,True
1412,1412,Ahmedabad,Gujarat,2019-11-16,1900-01-01,9999-12-31,True
1413,1413,Delhi,Delhi,2021-10-16,1900-01-01,9999-12-31,True
1414,1414,Chandigarh,Chandigarh,2020-09-12,1900-01-01,9999-12-31,True
1415,1415,Ahmedabad,Gujarat,2023-10-12,1900-01-01,9999-12-31,True
1416,1416,Ahmedabad,Gujarat,2023-10-30,1900-01-01,9999-12-31,True
1417,1417,Bengaluru,Karnataka,2022-10-14,1900-01-01,9999-12-31,True
1418,1418,Patna,Bihar,2023-06-25,1900-01-01,9999-12-31,True
1419,1419,Patna,Bihar,2019-08-01,1900-01-01,9999-12-31,True
1420,1420,Hyderabad,Telangana,2022-03-02,1900-01-01,9999-12-31,True
1421,1421,Chennai,Tamil Nadu,2022-12-31,1900-01-01,9999-12-31,True
1422,1422,Chandigarh,Chandigarh,2021-07-31,1900-01-01,9999-12-31,True
1423,1423,Kochi,Kerala,2020-03-29,1900-01-01,9999-12-31,True
1424,1424,Kochi,Kerala,2022-05-14,1900-01-01,9999-12-31,True
1425,1425,Jaipur,Rajasthan,2021-10-09,1900-01-01,9999-12-31,True
1426,1426,Chennai,Tamil Nadu,2020-07-26,1900-01-01,9999-12-31,True
1427,1427,Jaipur,Rajasthan,2019-11-30,1900-01-01,9999-12-31,True
1428,1428,Bhubaneswar,Odisha,2022-09-07,1900-01-01,9999-12-31,True
1429,1429,Ahmedabad,Gujarat,2023-05-12,1900-01-01,9999-12-31,True
1430,1430,Chandigarh,Chandigarh,2020-01-06,1900-01-01,9999-12-31,True
1431,1431,Mumbai,Maharashtra,2019-10-12,1900-01-01,9999-12-31,True
1432,1432,Patna,Bihar,2023-08-07,1900-01-01,9999-12-31,True
1433,1433,Pune,Maharashtra,2022-10-26,1900-01-01,9999-12-31,True
1434,1434,Lucknow,Uttar Pradesh,2020-11-08,1900-01-01,9999-12-31,True
1435,1435,Patna,Bihar,2023-06-28,1900-01-01,9999-12-31,True
1436,1436,Bengaluru,Karnataka,2019-11-30,1900-01-01,9999-12-31,True
1437,1437,Mumbai,Maharashtra,2020-12-27,1900-01-01,9999-12-31,True
1438,1438,Guwahati,Assam,2021-08-17,1900-01-01,9999-12-31,True
1439,1439,Bhubaneswar,Odisha,2023-09-11,1900-01-01,9999-12-31,True
1440,1440,Lucknow,Uttar Pradesh,2020-09-25,1900-01-01,9999-12-31,True
1441,1441,Chandigarh,Chandigarh,2023-11-18,1900-01-01,9999-12-31,True
1442,1442,Chennai,Tamil Nadu,2020-07-30,1900-01-01,9999-12-31,True
1443,1443,Chandigarh,Chandigarh,2022-05-15,1900-01-01,9999-12-31,True
1444,1444,Ahmedabad,Gujarat,2020-08-16,1900-01-01,9999-12-31,True
1445,1445,Chennai,Tamil Nadu,2021-09-28,1900-01-01,9999-12-31,True
1446,1446,Mumbai,Maharashtra,2021-05-10,1900-01-01,9999-12-31,True
1447,1447,Bhubaneswar,Odisha,2019-12-02,1900-01-01,9999-12-31,True
1448,1448,Kochi,Kerala,2021-02-03,1900-01-01,9999-12-31,True
1449,1449,Kolkata,West Bengal,2023-04-09,1900-01-01,9999-12-31,True
1450,1450,Kolkata,West Bengal,2019-11-25,1900-01-01,9999-12-31,True
1451,1451,Mumbai,Maharashtra,2023-01-25,1900-01-01,9999-12-31,True
1452,1452,Delhi,Delhi,2021-10-10,1900-01-01,9999-12-31,True
1453,1453,Bhubaneswar,Odisha,2019-09-24,1900-01-01,9999-12-31,True
1454,1454,Pune,Maharashtra,2023-01-10,1900-01-01,9999-12-31,True
1455,1455,Chennai,Tamil Nadu,2021-06-30,1900-01-01,9999-12-31,True
1456,1456,Bhubaneswar,Odisha,2022-08-08,1900-01-01,9999-12-31,True
1457,1457,Chennai,Tamil Nadu,2020-04-03,1900-01-01,9999-12-31,True
1458,1458,Chennai,Tamil Nadu,2019-06-30,1900-01-01,9999-12-31,True
1459,1459,Lucknow,Uttar Pradesh,2020-01-29,1900-01-01,9999-12-31,True
1460,1460,Hyderabad,Telangana,2023-03-12,1900-01-01,9999-12-31,True
1461,1461,Bhubaneswar,Odisha,2022-09-20,1900-01-01,9999-12-31,True
1462,1462,Bhubaneswar,Odisha,2020-10-19,1900-01-01,9999-12-31,True
1463,1463,Delhi,Delhi,2019-02-06,1900-01-01,9999-12-31,True
1464,1464,Lucknow,Uttar Pradesh,2023-05-02,1900-01-01,9999-12-31,True
1465,1465,Pune,Maharashtra,2019-11-15,1900-01-01,9999-12-31,True
1466,1466,Bengaluru,Karnataka,2020-08-16,1900-01-01,9999-12-31,True
1467,1467,Chennai,Tamil Nadu,2022-11-14,1900-01-01,9999-12-31,True
1468,1468,Bengaluru,Karnataka,2020-11-26,1900-01-01,9999-12-31,True
1469,1469,Ahmedabad,Gujarat,2022-02-26,1900-01-01,9999-12-31,True
1470,1470,Kolkata,West Bengal,2022-03-15,1900-01-01,9999-12-31,True
1471,1471,Mumbai,Maharashtra,2022-02-26,1900-01-01,9999-12-31,True
1472,1472,Pune,Maharashtra,2019-05-25,1900-01-01,9999-12-31,True
1473,1473,Jaipur,Rajasthan,2020-07-26,1900-01-01,9999-12-31,True
1474,1474,Lucknow,Uttar Pradesh,2022-01-09,1900-01-01,9999-12-31,True
1475,1475,Ahmedabad,Gujarat,2023-06-09,1900-01-01,9999-12-31,True
1476,1476,Delhi,Delhi,2023-10-29,1900-01-01,9999-12-31,True
1477,1477,Pune,Maharashtra,2019-12-02,1900-01-01,9999-12-31,True
1478,1478,Guwahati,Assam,2022-08-21,1900-01-01,9999-12-31,True
1479,1479,Chennai,Tamil Nadu,2020-01-20,1900-01-01,9999-12-31,True
1480,1480,Ahmedabad,Gujarat,2019-06-24,1900-01-01,9999-12-31,True
1481,1481,Guwahati,Assam,2019-02-18,1900-01-01,9999-12-31,True
1482,1482,Guwahati,Assam,2022-10-28,1900-01-01,9999-12-31,True
1483,1483,Kolkata,West Bengal,2020-04-23,1900-01-01,9999-12-31,True
1484,1484,Pune,Maharashtra,2022-04-10,1900-01-01,9999-12-31,True
1485,1485,Chennai,Tamil Nadu,2020-02-23,1900-01-01,9999-12-31,True
1486,1486,Jaipur,Rajasthan,2022-02-17,1900-01-01,9999-12-31,True
1487,1487,Chennai,Tamil Nadu,2023-03-11,1900-01-01,9999-12-31,True
1488,1488,Guwahati,Assam,2022-04-25,1900-01-01,9999-12-31,True
1489,1489,Patna,Bihar,2021-05-02,1900-01-01,9999-12-31,True
1490,1490,Pune,Maharashtra,2019-09-04,1900-01-01,9999-12-31,True
1491,1491,Bhubaneswar,Odisha,2022-02-25,1900-01-01,9999-12-31,True
1492,1492,Mumbai,Maharashtra,2022-03-13,1900-01-01,9999-12-31,True
1493,1493,Jaipur,Rajasthan,2021-05-29,1900-01-01,9999-12-31,True
1494,1494,Lucknow,Uttar Pradesh,2021-03-17,1900-01-01,9999-12-31,True
1495,1495,Delhi,Delhi,2020-04-19,1900-01-01,9999-12-31,True
1496,1496,Jaipur,Rajasthan,2019-01-01,1900-01-01,9999-12-31,True
1497,1497,Mumbai,Maharashtra,2020-06-07,1900-01-01,9999-12-31,True
1498,1498,Hyderabad,Telangana,2023-09-25,1900-01-01,9999-12-31,True
1499,1499,Chandigarh,Chandigarh,2019-01-17,1900-01-01,9999-12-31,True
1500,1500,Ahmedabad,Gujarat,2021-12-25,1900-01-01,9999-12-31,True
1501,1501,Chandigarh,Chandigarh,2019-12-11,1900-01-01,9999-12-31,True
1502,1502,Patna,Bihar,2020-04-01,1900-01-01,9999-12-31,True
1503,1503,Guwahati,Assam,2020-02-07,1900-01-01,9999-12-31,True
1504,1504,Chandigarh,Chandigarh,2022-02-15,1900-01-01,9999-12-31,True
1505,1505,Kolkata,West Bengal,2020-06-03,1900-01-01,9999-12-31,True
1506,1506,Pune,Maharashtra,2019-12-10,1900-01-01,9999-12-31,True
1507,1507,Bhubaneswar,Odisha,2019-09-07,1900-01-01,9999-12-31,True
1508,1508,Kolkata,West Bengal,2022-02-01,1900-01-01,9999-12-31,True
1509,1509,Bengaluru,Karnataka,2019-12-09,1900-01-01,9999-12-31,True
1510,1510,Mumbai,Maharashtra,2019-04-01,1900-01-01,9999-12-31,True
1511,1511,Chandigarh,Chandigarh,2023-11-10,1900-01-01,9999-12-31,True
1512,1512,Bhubaneswar,Odisha,2019-08-17,1900-01-01,9999-12-31,True
1513,1513,Patna,Bihar,2020-02-29,1900-01-01,9999-12-31,True
1514,1514,Patna,Bihar,2021-06-19,1900-01-01,9999-12-31,True
1515,1515,Bhubaneswar,Odisha,2020-07-22,1900-01-01,9999-12-31,True
1516,1516,Delhi,Delhi,2021-04-26,1900-01-01,9999-12-31,True
1517,1517,Kochi,Kerala,2019-05-27,1900-01-01,9999-12-31,True
1518,1518,Kochi,Kerala,2020-05-01,1900-01-01,9999-12-31,True
1519,1519,Mumbai,Maharashtra,2021-09-18,1900-01-01,9999-12-31,True
1520,1520,Patna,Bihar,2023-06-23,1900-01-01,9999-12-31,True
1521,1521,Bengaluru,Karnataka,2023-02-20,1900-01-01,9999-12-31,True
1522,1522,Ahmedabad,Gujarat,2020-12-03,1900-01-01,9999-12-31,True
1523,1523,Patna,Bihar,2022-09-08,1900-01-01,9999-12-31,True
1524,1524,Kolkata,West Bengal,2021-04-21,1900-01-01,9999-12-31,True
1525,1525,Chandigarh,Chandigarh,2022-04-30,1900-01-01,9999-12-31,True
1526,1526,Chandigarh,Chandigarh,2020-12-11,1900-01-01,9999-12-31,True
1527,1527,Chennai,Tamil Nadu,2019-10-17,1900-01-01,9999-12-31,True
1528,1528,Chennai,Tamil Nadu,2019-08-11,1900-01-01,9999-12-31,True
1529,1529,Pune,Maharashtra,2019-12-29,1900-01-01,9999-12-31,True
1530,1530,Chandigarh,Chandigarh,2023-11-12,1900-01-01,9999-12-31,True
1531,1531,Pune,Maharashtra,2020-08-15,1900-01-01,9999-12-31,True
1532,1532,Mumbai,Maharashtra,2021-12-03,1900-01-01,9999-12-31,True
1533,1533,Delhi,Delhi,2019-01-17,1900-01-01,9999-12-31,True
1534,1534,Delhi,Delhi,2022-06-10,1900-01-01,9999-12-31,True
1535,1535,Hyderabad,Telangana,2022-11-07,1900-01-01,9999-12-31,True
1536,1536,Guwahati,Assam,2021-07-01,1900-01-01,9999-12-31,True
1537,1537,Bhubaneswar,Odisha,2019-04-20,1900-01-01,9999-12-31,True
1538,1538,Kochi,Kerala,2022-12-15,1900-01-01,9999-12-31,True
1539,1539,Hyderabad,Telangana,2020-02-29,1900-01-01,9999-12-31,True
1540,1540,Bengaluru,Karnataka,2022-08-31,1900-01-01,9999-12-31,True
1541,1541,Lucknow,Uttar Pradesh,2020-10-15,1900-01-01,9999-12-31,True
1542,1542,Kolkata,West Bengal,2023-06-29,1900-01-01,9999-12-31,True
1543,1543,Jaipur,Rajasthan,2021-10-17,1900-01-01,9999-12-31,True
1544,1544,Ahmedabad,Gujarat,2021-10-31,1900-01-01,9999-12-31,True
1545,1545,Chennai,Tamil Nadu,2022-08-29,1900-01-01,9999-12-31,True
1546,1546,Jaipur,Rajasthan,2019-05-06,1900-01-01,9999-12-31,True
1547,1547,Chennai,Tamil Nadu,2020-06-23,1900-01-01,9999-12-31,True
1548,1548,Patna,Bihar,2021-04-08,1900-01-01,9999-12-31,True
1549,1549,Delhi,Delhi,2022-08-31,1900-01-01,9999-12-31,True
1550,1550,Kochi,Kerala,2022-11-17,1900-01-01,9999-12-31,True
1551,1551,Hyderabad,Telangana,2022-08-08,1900-01-01,9999-12-31,True
1552,1552,Bengaluru,Karnataka,2021-08-14,1900-01-01,9999-12-31,True
1553,1553,Kolkata,West Bengal,2022-01-23,1900-01-01,9999-12-31,True
1554,1554,Kolkata,West Bengal,2022-03-15,1900-01-01,9999-12-31,True
1555,1555,Mumbai,Maharashtra,2021-08-12,1900-01-01,9999-12-31,True
1556,1556,Pune,Maharashtra,2023-03-05,1900-01-01,9999-12-31,True
1557,1557,Guwahati,Assam,2023-05-14,1900-01-01,9999-12-31,True
1558,1558,Ahmedabad,Gujarat,2021-06-04,1900-01-01,9999-12-31,True
1559,1559,Chennai,Tamil Nadu,2021-11-08,1900-01-01,9999-12-31,True
1560,1560,Jaipur,Rajasthan,2021-08-17,1900-01-01,9999-12-31,True
1561,1561,Bhubaneswar,Odisha,2020-10-30,1900-01-01,9999-12-31,True
1562,1562,Lucknow,Uttar Pradesh,2023-08-25,1900-01-01,9999-12-31,True
1563,1563,Pune,Maharashtra,2023-08-22,1900-01-01,9999-12-31,True
1564,1564,Chandigarh,Chandigarh,2023-01-01,1900-01-01,9999-12-31,True
1565,1565,Delhi,Delhi,2021-10-15,1900-01-01,9999-12-31,True
1566,1566,Lucknow,Uttar Pradesh,2022-12-20,1900-01-01,9999-12-31,True
1567,1567,Patna,Bihar,2021-08-23,1900-01-01,9999-12-31,True
1568,1568,Bhubaneswar,Odisha,2019-05-23,1900-01-01,9999-12-31,True
1569,1569,Kochi,Kerala,2019-06-27,1900-01-01,9999-12-31,True
1570,1570,Kolkata,West Bengal,2020-12-04,1900-01-01,9999-12-31,True
1571,1571,Hyderabad,Telangana,2022-04-13,1900-01-01,9999-12-31,True
1572,1572,Bengaluru,Karnataka,2022-09-23,1900-01-01,9999-12-31,True
1573,1573,Chandigarh,Chandigarh,2022-07-06,1900-01-01,9999-12-31,True
1574,1574,Ahmedabad,Gujarat,2019-11-01,1900-01-01,9999-12-31,True
1575,1575,Mumbai,Maharashtra,2021-07-10,1900-01-01,9999-12-31,True
1576,1576,Chandigarh,Chandigarh,2023-12-28,1900-01-01,9999-12-31,True
1577,1577,Ahmedabad,Gujarat,2023-07-06,1900-01-01,9999-12-31,True
1578,1578,Pune,Maharashtra,2021-01-22,1900-01-01,9999-12-31,True
1579,1579,Pune,Maharashtra,2022-01-15,1900-01-01,9999-12-31,True
1580,1580,Lucknow,Uttar Pradesh,2022-10-29,1900-01-01,9999-12-31,True
1581,1581,Bhubaneswar,Odisha,2023-10-22,1900-01-01,9999-12-31,True
1582,1582,Bhubaneswar,Odisha,2019-01-01,1900-01-01,9999-12-31,True
1583,1583,Lucknow,Uttar Pradesh,2021-12-23,1900-01-01,9999-12-31,True
1584,1584,Chennai,Tamil Nadu,2023-12-18,1900-01-01,9999-12-31,True
1585,1585,Delhi,Delhi,2020-07-02,1900-01-01,9999-12-31,True
1586,1586,Bengaluru,Karnataka,2023-04-11,1900-01-01,9999-12-31,True
1587,1587,Kolkata,West Bengal,2023-08-05,1900-01-01,9999-12-31,True
1588,1588,Mumbai,Maharashtra,2019-06-22,1900-01-01,9999-12-31,True
1589,1589,Kolkata,West Bengal,2019-10-12,1900-01-01,9999-12-31,True
1590,1590,Chandigarh,Chandigarh,2023-06-12,1900-01-01,9999-12-31,True
1591,1591,Mumbai,Maharashtra,2020-04-12,1900-01-01,9999-12-31,True
1592,1592,Lucknow,Uttar Pradesh,2021-11-07,1900-01-01,9999-12-31,True
1593,1593,Pune,Maharashtra,2022-08-13,1900-01-01,9999-12-31,True
1594,1594,Hyderabad,Telangana,2021-06-10,1900-01-01,9999-12-31,True
1595,1595,Chennai,Tamil Nadu,2019-03-10,1900-01-01,9999-12-31,True
1596,1596,Delhi,Delhi,2022-11-24,1900-01-01,9999-12-31,True
1597,1597,Kochi,Kerala,2023-05-25,1900-01-01,9999-12-31,True
1598,1598,Mumbai,Maharashtra,2023-08-25,1900-01-01,9999-12-31,True
1599,1599,Pune,Maharashtra,2022-09-26,1900-01-01,9999-12-31,True
1600,1600,Guwahati,Assam,2019-04-09,1900-01-01,9999-12-31,True
1601,1601,Kolkata,West Bengal,2021-09-12,1900-01-01,9999-12-31,True
1602,1602,Chennai,Tamil Nadu,2021-07-05,1900-01-01,9999-12-31,True
1603,1603,Ahmedabad,Gujarat,2019-04-03,1900-01-01,9999-12-31,True
1604,1604,Delhi,Delhi,2022-10-05,1900-01-01,9999-12-31,True
1605,1605,Hyderabad,Telangana,2020-02-10,1900-01-01,9999-12-31,True
1606,1606,Patna,Bihar,2019-09-28,1900-01-01,9999-12-31,True
1607,1607,Ahmedabad,Gujarat,2021-05-18,1900-01-01,9999-12-31,True
1608,1608,Ahmedabad,Gujarat,2020-04-24,1900-01-01,9999-12-31,True
1609,1609,Patna,Bihar,2021-03-03,1900-01-01,9999-12-31,True
1610,1610,Pune,Maharashtra,2021-05-27,1900-01-01,9999-12-31,True
1611,1611,Chennai,Tamil Nadu,2020-12-22,1900-01-01,9999-12-31,True
1612,1612,Bhubaneswar,Odisha,2020-03-25,1900-01-01,9999-12-31,True
1613,1613,Chennai,Tamil Nadu,2022-11-18,1900-01-01,9999-12-31,True
1614,1614,Kochi,Kerala,2019-07-25,1900-01-01,9999-12-31,True
1615,1615,Patna,Bihar,2020-10-28,1900-01-01,9999-12-31,True
1616,1616,Kolkata,West Bengal,2020-09-20,1900-01-01,9999-12-31,True
1617,1617,Pune,Maharashtra,2019-11-05,1900-01-01,9999-12-31,True
1618,1618,Patna,Bihar,2022-02-11,1900-01-01,9999-12-31,True
1619,1619,Ahmedabad,Gujarat,2023-08-14,1900-01-01,9999-12-31,True
1620,1620,Kochi,Kerala,2022-06-04,1900-01-01,9999-12-31,True
1621,1621,Delhi,Delhi,2019-07-25,1900-01-01,9999-12-31,True
1622,1622,Mumbai,Maharashtra,2023-09-28,1900-01-01,9999-12-31,True
1623,1623,Hyderabad,Telangana,2019-01-26,1900-01-01,9999-12-31,True
1624,1624,Guwahati,Assam,2021-04-01,1900-01-01,9999-12-31,True
1625,1625,Chandigarh,Chandigarh,2020-01-17,1900-01-01,9999-12-31,True
1626,1626,Pune,Maharashtra,2021-09-24,1900-01-01,9999-12-31,True
1627,1627,Mumbai,Maharashtra,2022-02-11,1900-01-01,9999-12-31,True
1628,1628,Kochi,Kerala,2020-11-18,1900-01-01,9999-12-31,True
1629,1629,Pune,Maharashtra,2019-11-07,1900-01-01,9999-12-31,True
1630,1630,Mumbai,Maharashtra,2022-12-11,1900-01-01,9999-12-31,True
1631,1631,Delhi,Delhi,2021-04-28,1900-01-01,9999-12-31,True
1632,1632,Guwahati,Assam,2020-12-10,1900-01-01,9999-12-31,True
1633,1633,Pune,Maharashtra,2023-04-27,1900-01-01,9999-12-31,True
1634,1634,Kochi,Kerala,2023-05-03,1900-01-01,9999-12-31,True
1635,1635,Kochi,Kerala,2023-11-24,1900-01-01,9999-12-31,True
1636,1636,Mumbai,Maharashtra,2023-07-08,1900-01-01,9999-12-31,True
1637,1637,Kolkata,West Bengal,2019-06-10,1900-01-01,9999-12-31,True
1638,1638,Kolkata,West Bengal,2023-10-31,1900-01-01,9999-12-31,True
1639,1639,Lucknow,Uttar Pradesh,2020-03-27,1900-01-01,9999-12-31,True
1640,1640,Kochi,Kerala,2021-06-13,1900-01-01,9999-12-31,True
1641,1641,Lucknow,Uttar Pradesh,2020-09-24,1900-01-01,9999-12-31,True
1642,1642,Chandigarh,Chandigarh,2022-02-15,1900-01-01,9999-12-31,True
1643,1643,Kolkata,West Bengal,2020-05-18,1900-01-01,9999-12-31,True
1644,1644,Guwahati,Assam,2023-05-23,1900-01-01,9999-12-31,True
1645,1645,Chandigarh,Chandigarh,2020-02-16,1900-01-01,9999-12-31,True
1646,1646,Pune,Maharashtra,2022-04-13,1900-01-01,9999-12-31,True
1647,1647,Ahmedabad,Gujarat,2021-08-08,1900-01-01,9999-12-31,True
1648,1648,Patna,Bihar,2020-03-14,1900-01-01,9999-12-31,True
1649,1649,Bengaluru,Karnataka,2023-11-07,1900-01-01,9999-12-31,True
1650,1650,Ahmedabad,Gujarat,2021-09-16,1900-01-01,9999-12-31,True
1651,1651,Kochi,Kerala,2021-11-26,1900-01-01,9999-12-31,True
1652,1652,Lucknow,Uttar Pradesh,2020-07-17,1900-01-01,9999-12-31,True
1653,1653,Chennai,Tamil Nadu,2023-12-23,1900-01-01,9999-12-31,True
1654,1654,Bhubaneswar,Odisha,2020-08-02,1900-01-01,9999-12-31,True
1655,1655,Pune,Maharashtra,2020-08-02,1900-01-01,9999-12-31,True
1656,1656,Bengaluru,Karnataka,2022-10-28,1900-01-01,9999-12-31,True
1657,1657,Bengaluru,Karnataka,2020-07-07,1900-01-01,9999-12-31,True
1658,1658,Guwahati,Assam,2022-11-22,1900-01-01,9999-12-31,True
1659,1659,Guwahati,Assam,2019-12-04,1900-01-01,9999-12-31,True
1660,1660,Jaipur,Rajasthan,2021-12-24,1900-01-01,9999-12-31,True
1661,1661,Pune,Maharashtra,2020-10-17,1900-01-01,9999-12-31,True
1662,1662,Bhubaneswar,Odisha,2021-07-05,1900-01-01,9999-12-31,True
1663,1663,Lucknow,Uttar Pradesh,2019-12-02,1900-01-01,9999-12-31,True
1664,1664,Kolkata,West Bengal,2021-05-14,1900-01-01,9999-12-31,True
1665,1665,Lucknow,Uttar Pradesh,2020-02-17,1900-01-01,9999-12-31,True
1666,1666,Bengaluru,Karnataka,2023-08-16,1900-01-01,9999-12-31,True
1667,1667,Kochi,Kerala,2022-09-16,1900-01-01,9999-12-31,True
1668,1668,Guwahati,Assam,2019-05-01,1900-01-01,9999-12-31,True
1669,1669,Delhi,Delhi,2022-06-09,1900-01-01,9999-12-31,True
1670,1670,Jaipur,Rajasthan,2021-02-19,1900-01-01,9999-12-31,True
1671,1671,Bhubaneswar,Odisha,2022-08-07,1900-01-01,9999-12-31,True
1672,1672,Jaipur,Rajasthan,2021-08-16,1900-01-01,9999-12-31,True
1673,1673,Mumbai,Maharashtra,2019-07-19,1900-01-01,9999-12-31,True
1674,1674,Kolkata,West Bengal,2023-05-21,1900-01-01,9999-12-31,True
1675,1675,Ahmedabad,Gujarat,2021-09-08,1900-01-01,9999-12-31,True
1676,1676,Ahmedabad,Gujarat,2021-07-30,1900-01-01,9999-12-31,True
1677,1677,Mumbai,Maharashtra,2020-06-15,1900-01-01,9999-12-31,True
1678,1678,Guwahati,Assam,2022-11-12,1900-01-01,9999-12-31,True
1679,1679,Ahmedabad,Gujarat,2019-10-31,1900-01-01,9999-12-31,True
1680,1680,Pune,Maharashtra,2022-06-13,1900-01-01,9999-12-31,True
1681,1681,Kochi,Kerala,2023-02-23,1900-01-01,9999-12-31,True
1682,1682,Mumbai,Maharashtra,2022-08-11,1900-01-01,9999-12-31,True
1683,1683,Mumbai,Maharashtra,2022-11-22,1900-01-01,9999-12-31,True
1684,1684,Hyderabad,Telangana,2021-01-24,1900-01-01,9999-12-31,True
1685,1685,Patna,Bihar,2019-11-23,1900-01-01,9999-12-31,True
1686,1686,Mumbai,Maharashtra,2019-06-14,1900-01-01,9999-12-31,True
1687,1687,Patna,Bihar,2022-08-04,1900-01-01,9999-12-31,True
1688,1688,Pune,Maharashtra,2019-07-28,1900-01-01,9999-12-31,True
1689,1689,Hyderabad,Telangana,2019-06-05,1900-01-01,9999-12-31,True
1690,1690,Mumbai,Maharashtra,2022-01-22,1900-01-01,9999-12-31,True
1691,1691,Bhubaneswar,Odisha,2021-10-01,1900-01-01,9999-12-31,True
1692,1692,Bengaluru,Karnataka,2023-07-23,1900-01-01,9999-12-31,True
1693,1693,Guwahati,Assam,2023-05-05,1900-01-01,9999-12-31,True
1694,1694,Delhi,Delhi,2021-02-04,1900-01-01,9999-12-31,True
1695,1695,Bhubaneswar,Odisha,2020-06-11,1900-01-01,9999-12-31,True
1696,1696,Bengaluru,Karnataka,2023-06-28,1900-01-01,9999-12-31,True
1697,1697,Ahmedabad,Gujarat,2022-02-10,1900-01-01,9999-12-31,True
1698,1698,Mumbai,Maharashtra,2021-04-17,1900-01-01,9999-12-31,True
1699,1699,Jaipur,Rajasthan,2022-01-14,1900-01-01,9999-12-31,True
1700,1700,Guwahati,Assam,2020-01-31,1900-01-01,9999-12-31,True
1701,1701,Guwahati,Assam,2021-01-18,1900-01-01,9999-12-31,True
1702,1702,Kolkata,West Bengal,2020-03-22,1900-01-01,9999-12-31,True
1703,1703,Delhi,Delhi,2019-03-31,1900-01-01,9999-12-31,True
1704,1704,Lucknow,Uttar Pradesh,2022-04-07,1900-01-01,9999-12-31,True
1705,1705,Ahmedabad,Gujarat,2023-04-08,1900-01-01,9999-12-31,True
1706,1706,Hyderabad,Telangana,2023-08-07,1900-01-01,9999-12-31,True
1707,1707,Lucknow,Uttar Pradesh,2021-01-30,1900-01-01,9999-12-31,True
1708,1708,Mumbai,Maharashtra,2022-05-11,1900-01-01,9999-12-31,True
1709,1709,Jaipur,Rajasthan,2022-09-29,1900-01-01,9999-12-31,True
1710,1710,Jaipur,Rajasthan,2019-06-19,1900-01-01,9999-12-31,True
1711,1711,Kolkata,West Bengal,2020-11-03,1900-01-01,9999-12-31,True
1712,1712,Delhi,Delhi,2022-10-16,1900-01-01,9999-12-31,True
1713,1713,Bhubaneswar,Odisha,2021-05-09,1900-01-01,9999-12-31,True
1714,1714,Guwahati,Assam,2020-08-23,1900-01-01,9999-12-31,True
1715,1715,Kolkata,West Bengal,2020-01-18,1900-01-01,9999-12-31,True
1716,1716,Chennai,Tamil Nadu,2019-07-19,1900-01-01,9999-12-31,True
1717,1717,Bhubaneswar,Odisha,2022-08-14,1900-01-01,9999-12-31,True
1718,1718,Guwahati,Assam,2022-01-16,1900-01-01,9999-12-31,True
1719,1719,Bhubaneswar,Odisha,2021-08-16,1900-01-01,9999-12-31,True
1720,1720,Ahmedabad,Gujarat,2022-01-26,1900-01-01,9999-12-31,True
1721,1721,Ahmedabad,Gujarat,2022-08-23,1900-01-01,9999-12-31,True
1722,1722,Mumbai,Maharashtra,2023-01-14,1900-01-01,9999-12-31,True
1723,1723,Chandigarh,Chandigarh,2023-11-23,1900-01-01,9999-12-31,True
1724,1724,Bengaluru,Karnataka,2019-02-13,1900-01-01,9999-12-31,True
1725,1725,Ahmedabad,Gujarat,2022-12-30,1900-01-01,9999-12-31,True
1726,1726,Chandigarh,Chandigarh,2019-03-25,1900-01-01,9999-12-31,True
1727,1727,Chandigarh,Chandigarh,2019-01-21,1900-01-01,9999-12-31,True
1728,1728,Kochi,Kerala,2020-04-09,1900-01-01,9999-12-31,True
1729,1729,Pune,Maharashtra,2020-07-02,1900-01-01,9999-12-31,True
1730,1730,Guwahati,Assam,2019-07-27,1900-01-01,9999-12-31,True
1731,1731,Kolkata,West Bengal,2020-12-23,1900-01-01,9999-12-31,True
1732,1732,Kolkata,West Bengal,2019-12-21,1900-01-01,9999-12-31,True
1733,1733,Pune,Maharashtra,2023-07-30,1900-01-01,9999-12-31,True
1734,1734,Patna,Bihar,2021-05-28,1900-01-01,9999-12-31,True
1735,1735,Delhi,Delhi,2023-06-24,1900-01-01,9999-12-31,True
1736,1736,Bengaluru,Karnataka,2023-08-21,1900-01-01,9999-12-31,True
1737,1737,Kochi,Kerala,2020-06-30,1900-01-01,9999-12-31,True
1738,1738,Mumbai,Maharashtra,2019-02-04,1900-01-01,9999-12-31,True
1739,1739,Chennai,Tamil Nadu,2019-05-01,1900-01-01,9999-12-31,True
1740,1740,Mumbai,Maharashtra,2023-03-15,1900-01-01,9999-12-31,True
1741,1741,Bengaluru,Karnataka,2022-02-17,1900-01-01,9999-12-31,True
1742,1742,Chennai,Tamil Nadu,2019-12-08,1900-01-01,9999-12-31,True
1743,1743,Delhi,Delhi,2022-07-11,1900-01-01,9999-12-31,True
1744,1744,Hyderabad,Telangana,2020-05-10,1900-01-01,9999-12-31,True
1745,1745,Kolkata,West Bengal,2023-05-20,1900-01-01,9999-12-31,True
1746,1746,Kochi,Kerala,2023-02-22,1900-01-01,9999-12-31,True
1747,1747,Kochi,Kerala,2021-08-16,1900-01-01,9999-12-31,True
1748,1748,Kolkata,West Bengal,2020-11-13,1900-01-01,9999-12-31,True
1749,1749,Kochi,Kerala,2023-07-25,1900-01-01,9999-12-31,True
1750,1750,Bhubaneswar,Odisha,2019-02-15,1900-01-01,9999-12-31,True
1751,1751,Pune,Maharashtra,2019-10-09,1900-01-01,9999-12-31,True
1752,1752,Kochi,Kerala,2022-08-29,1900-01-01,9999-12-31,True
1753,1753,Bhubaneswar,Odisha,2019-09-19,1900-01-01,9999-12-31,True
1754,1754,Delhi,Delhi,2022-05-20,1900-01-01,9999-12-31,True
1755,1755,Kolkata,West Bengal,2022-08-15,1900-01-01,9999-12-31,True
1756,1756,Patna,Bihar,2022-07-26,1900-01-01,9999-12-31,True
1757,1757,Ahmedabad,Gujarat,2020-07-21,1900-01-01,9999-12-31,True
1758,1758,Kochi,Kerala,2020-08-31,1900-01-01,9999-12-31,True
1759,1759,Kochi,Kerala,2021-08-08,1900-01-01,9999-12-31,True
1760,1760,Hyderabad,Telangana,2021-11-20,1900-01-01,9999-12-31,True
1761,1761,Delhi,Delhi,2020-08-08,1900-01-01,9999-12-31,True
1762,1762,Lucknow,Uttar Pradesh,2020-05-19,1900-01-01,9999-12-31,True
1763,1763,Kolkata,West Bengal,2022-05-09,1900-01-01,9999-12-31,True
1764,1764,Chandigarh,Chandigarh,2019-10-15,1900-01-01,9999-12-31,True
1765,1765,Delhi,Delhi,2023-10-15,1900-01-01,9999-12-31,True
1766,1766,Jaipur,Rajasthan,2020-01-13,1900-01-01,9999-12-31,True
1767,1767,Chandigarh,Chandigarh,2020-05-09,1900-01-01,9999-12-31,True
1768,1768,Kochi,Kerala,2019-11-09,1900-01-01,9999-12-31,True
1769,1769,Guwahati,Assam,2021-09-13,1900-01-01,9999-12-31,True
1770,1770,Kolkata,West Bengal,2019-02-22,1900-01-01,9999-12-31,True
1771,1771,Ahmedabad,Gujarat,2020-12-01,1900-01-01,9999-12-31,True
1772,1772,Ahmedabad,Gujarat,2020-12-16,1900-01-01,9999-12-31,True
1773,1773,Ahmedabad,Gujarat,2020-07-24,1900-01-01,9999-12-31,True
1774,1774,Patna,Bihar,2019-05-24,1900-01-01,9999-12-31,True
1775,1775,Delhi,Delhi,2019-06-19,1900-01-01,9999-12-31,True
1776,1776,Kochi,Kerala,2021-04-11,1900-01-01,9999-12-31,True
1777,1777,Mumbai,Maharashtra,2020-02-27,1900-01-01,9999-12-31,True
1778,1778,Mumbai,Maharashtra,2023-04-21,1900-01-01,9999-12-31,True
1779,1779,Chandigarh,Chandigarh,2020-12-16,1900-01-01,9999-12-31,True
1780,1780,Guwahati,Assam,2021-04-07,1900-01-01,9999-12-31,True
1781,1781,Chandigarh,Chandigarh,2021-05-17,1900-01-01,9999-12-31,True
1782,1782,Chennai,Tamil Nadu,2021-04-21,1900-01-01,9999-12-31,True
1783,1783,Lucknow,Uttar Pradesh,2022-11-02,1900-01-01,9999-12-31,True
1784,1784,Kolkata,West Bengal,2019-07-07,1900-01-01,9999-12-31,True
1785,1785,Chandigarh,Chandigarh,2021-10-11,1900-01-01,9999-12-31,True
1786,1786,Bengaluru,Karnataka,2021-08-30,1900-01-01,9999-12-31,True
1787,1787,Bengaluru,Karnataka,2020-03-11,1900-01-01,9999-12-31,True
1788,1788,Guwahati,Assam,2023-11-13,1900-01-01,9999-12-31,True
1789,1789,Bhubaneswar,Odisha,2020-09-13,1900-01-01,9999-12-31,True
1790,1790,Bhubaneswar,Odisha,2021-11-01,1900-01-01,9999-12-31,True
1791,1791,Hyderabad,Telangana,2019-11-12,1900-01-01,9999-12-31,True
1792,1792,Bengaluru,Karnataka,2019-07-28,1900-01-01,9999-12-31,True
1793,1793,Ahmedabad,Gujarat,2021-10-10,1900-01-01,9999-12-31,True
1794,1794,Kolkata,West Bengal,2020-07-16,1900-01-01,9999-12-31,True
1795,1795,Bhubaneswar,Odisha,2021-12-27,1900-01-01,9999-12-31,True
1796,1796,Ahmedabad,Gujarat,2021-06-21,1900-01-01,9999-12-31,True
1797,1797,Chandigarh,Chandigarh,2020-02-02,1900-01-01,9999-12-31,True
1798,1798,Chennai,Tamil Nadu,2022-10-13,1900-01-01,9999-12-31,True
1799,1799,Mumbai,Maharashtra,2021-08-27,1900-01-01,9999-12-31,True
1800,1800,Jaipur,Rajasthan,2019-12-24,1900-01-01,9999-12-31,True
1801,1801,Guwahati,Assam,2021-11-06,1900-01-01,9999-12-31,True
1802,1802,Kolkata,West Bengal,2022-08-02,1900-01-01,9999-12-31,True
1803,1803,Hyderabad,Telangana,2021-11-29,1900-01-01,9999-12-31,True
1804,1804,Lucknow,Uttar Pradesh,2023-03-27,1900-01-01,9999-12-31,True
1805,1805,Kochi,Kerala,2020-11-04,1900-01-01,9999-12-31,True
1806,1806,Lucknow,Uttar Pradesh,2022-07-07,1900-01-01,9999-12-31,True
1807,1807,Chandigarh,Chandigarh,2023-04-21,1900-01-01,9999-12-31,True
1808,1808,Guwahati,Assam,2021-02-26,1900-01-01,9999-12-31,True
1809,1809,Pune,Maharashtra,2022-07-22,1900-01-01,9999-12-31,True
1810,1810,Delhi,Delhi,2021-03-05,1900-01-01,9999-12-31,True
1811,1811,Chennai,Tamil Nadu,2021-05-16,1900-01-01,9999-12-31,True
1812,1812,Bengaluru,Karnataka,2023-03-20,1900-01-01,9999-12-31,True
1813,1813,Chennai,Tamil Nadu,2019-10-09,1900-01-01,9999-12-31,True
1814,1814,Ahmedabad,Gujarat,2019-01-22,1900-01-01,9999-12-31,True
1815,1815,Kolkata,West Bengal,2022-08-09,1900-01-01,9999-12-31,True
1816,1816,Bhubaneswar,Odisha,2023-11-15,1900-01-01,9999-12-31,True
1817,1817,Jaipur,Rajasthan,2019-09-08,1900-01-01,9999-12-31,True
1818,1818,Hyderabad,Telangana,2023-06-19,1900-01-01,9999-12-31,True
1819,1819,Kolkata,West Bengal,2021-04-09,1900-01-01,9999-12-31,True
1820,1820,Jaipur,Rajasthan,2020-12-03,1900-01-01,9999-12-31,True
1821,1821,Delhi,Delhi,2021-02-14,1900-01-01,9999-12-31,True
1822,1822,Jaipur,Rajasthan,2023-03-26,1900-01-01,9999-12-31,True
1823,1823,Delhi,Delhi,2020-05-06,1900-01-01,9999-12-31,True
1824,1824,Lucknow,Uttar Pradesh,2023-11-21,1900-01-01,9999-12-31,True
1825,1825,Chandigarh,Chandigarh,2019-07-26,1900-01-01,9999-12-31,True
1826,1826,Mumbai,Maharashtra,2019-09-17,1900-01-01,9999-12-31,True
1827,1827,Mumbai,Maharashtra,2021-08-01,1900-01-01,9999-12-31,True
1828,1828,Jaipur,Rajasthan,2021-05-12,1900-01-01,9999-12-31,True
1829,1829,Jaipur,Rajasthan,2022-12-27,1900-01-01,9999-12-31,True
1830,1830,Kolkata,West Bengal,2023-07-08,1900-01-01,9999-12-31,True
1831,1831,Ahmedabad,Gujarat,2021-04-08,1900-01-01,9999-12-31,True
1832,1832,Bengaluru,Karnataka,2021-02-07,1900-01-01,9999-12-31,True
1833,1833,Ahmedabad,Gujarat,2019-11-02,1900-01-01,9999-12-31,True
1834,1834,Pune,Maharashtra,2019-04-23,1900-01-01,9999-12-31,True
1835,1835,Chennai,Tamil Nadu,2021-11-11,1900-01-01,9999-12-31,True
1836,1836,Mumbai,Maharashtra,2020-06-07,1900-01-01,9999-12-31,True
1837,1837,Bhubaneswar,Odisha,2021-07-11,1900-01-01,9999-12-31,True
1838,1838,Mumbai,Maharashtra,2019-08-30,1900-01-01,9999-12-31,True
1839,1839,Bengaluru,Karnataka,2023-04-15,1900-01-01,9999-12-31,True
1840,1840,Bengaluru,Karnataka,2022-01-06,1900-01-01,9999-12-31,True
1841,1841,Pune,Maharashtra,2020-11-05,1900-01-01,9999-12-31,True
1842,1842,Guwahati,Assam,2022-11-29,1900-01-01,9999-12-31,True
1843,1843,Chandigarh,Chandigarh,2019-11-26,1900-01-01,9999-12-31,True
1844,1844,Guwahati,Assam,2023-12-01,1900-01-01,9999-12-31,True
1845,1845,Pune,Maharashtra,2023-03-09,1900-01-01,9999-12-31,True
1846,1846,Lucknow,Uttar Pradesh,2020-03-10,1900-01-01,9999-12-31,True
1847,1847,Ahmedabad,Gujarat,2020-01-20,1900-01-01,9999-12-31,True
1848,1848,Ahmedabad,Gujarat,2022-03-18,1900-01-01,9999-12-31,True
1849,1849,Pune,Maharashtra,2019-11-02,1900-01-01,9999-12-31,True
1850,1850,Bhubaneswar,Odisha,2020-07-03,1900-01-01,9999-12-31,True
1851,1851,Ahmedabad,Gujarat,2022-06-01,1900-01-01,9999-12-31,True
1852,1852,Kolkata,West Bengal,2020-04-24,1900-01-01,9999-12-31,True
1853,1853,Jaipur,Rajasthan,2020-06-11,1900-01-01,9999-12-31,True
1854,1854,Chandigarh,Chandigarh,2022-05-23,1900-01-01,9999-12-31,True
1855,1855,Chandigarh,Chandigarh,2023-08-02,1900-01-01,9999-12-31,True
1856,1856,Chennai,Tamil Nadu,2022-01-19,1900-01-01,9999-12-31,True
1857,1857,Hyderabad,Telangana,2020-05-08,1900-01-01,9999-12-31,True
1858,1858,Delhi,Delhi,2022-04-09,1900-01-01,9999-12-31,True
1859,1859,Bengaluru,Karnataka,2022-11-12,1900-01-01,9999-12-31,True
1860,1860,Patna,Bihar,2021-08-06,1900-01-01,9999-12-31,True
1861,1861,Chennai,Tamil Nadu,2021-09-26,1900-01-01,9999-12-31,True
1862,1862,Ahmedabad,Gujarat,2019-01-22,1900-01-01,9999-12-31,True
1863,1863,Chandigarh,Chandigarh,2019-07-09,1900-01-01,9999-12-31,True
1864,1864,Pune,Maharashtra,2020-02-05,1900-01-01,9999-12-31,True
1865,1865,Pune,Maharashtra,2019-12-19,1900-01-01,9999-12-31,True
1866,1866,Ahmedabad,Gujarat,2019-04-14,1900-01-01,9999-12-31,True
1867,1867,Kolkata,West Bengal,2022-07-16,1900-01-01,9999-12-31,True
1868,1868,Ahmedabad,Gujarat,2023-04-13,1900-01-01,9999-12-31,True
1869,1869,Mumbai,Maharashtra,2022-04-12,1900-01-01,9999-12-31,True
1870,1870,Patna,Bihar,2022-06-23,1900-01-01,9999-12-31,True
1871,1871,Ahmedabad,Gujarat,2021-05-02,1900-01-01,9999-12-31,True
1872,1872,Ahmedabad,Gujarat,2023-08-11,1900-01-01,9999-12-31,True
1873,1873,Ahmedabad,Gujarat,2022-06-17,1900-01-01,9999-12-31,True
1874,1874,Kochi,Kerala,2019-10-23,1900-01-01,9999-12-31,True
1875,1875,Bhubaneswar,Odisha,2022-11-19,1900-01-01,9999-12-31,True
1876,1876,Pune,Maharashtra,2020-08-30,1900-01-01,9999-12-31,True
1877,1877,Chennai,Tamil Nadu,2023-10-10,1900-01-01,9999-12-31,True
1878,1878,Jaipur,Rajasthan,2021-03-15,1900-01-01,9999-12-31,True
1879,1879,Pune,Maharashtra,2022-01-18,1900-01-01,9999-12-31,True
1880,1880,Lucknow,Uttar Pradesh,2019-07-17,1900-01-01,9999-12-31,True
1881,1881,Chandigarh,Chandigarh,2022-01-25,1900-01-01,9999-12-31,True
1882,1882,Ahmedabad,Gujarat,2022-07-29,1900-01-01,9999-12-31,True
1883,1883,Chennai,Tamil Nadu,2019-05-14,1900-01-01,9999-12-31,True
1884,1884,Patna,Bihar,2019-02-04,1900-01-01,9999-12-31,True
1885,1885,Pune,Maharashtra,2022-04-06,1900-01-01,9999-12-31,True
1886,1886,Bhubaneswar,Odisha,2022-04-27,1900-01-01,9999-12-31,True
1887,1887,Chennai,Tamil Nadu,2022-07-01,1900-01-01,9999-12-31,True
1888,1888,Lucknow,Uttar Pradesh,2021-07-29,1900-01-01,9999-12-31,True
1889,1889,Hyderabad,Telangana,2021-03-06,1900-01-01,9999-12-31,True
1890,1890,Mumbai,Maharashtra,2020-02-17,1900-01-01,9999-12-31,True
1891,1891,Bengaluru,Karnataka,2019-08-10,1900-01-01,9999-12-31,True
1892,1892,Hyderabad,Telangana,2022-05-29,1900-01-01,9999-12-31,True
1893,1893,Bhubaneswar,Odisha,2022-02-27,1900-01-01,9999-12-31,True
1894,1894,Bengaluru,Karnataka,2021-09-02,1900-01-01,9999-12-31,True
1895,1895,Patna,Bihar,2023-03-16,1900-01-01,9999-12-31,True
1896,1896,Chennai,Tamil Nadu,2019-11-19,1900-01-01,9999-12-31,True
1897,1897,Chennai,Tamil Nadu,2022-04-20,1900-01-01,9999-12-31,True
1898,1898,Kochi,Kerala,2023-06-25,1900-01-01,9999-12-31,True
1899,1899,Pune,Maharashtra,2019-06-04,1900-01-01,9999-12-31,True
1900,1900,Delhi,Delhi,2019-09-13,1900-01-01,9999-12-31,True
1901,1901,Bengaluru,Karnataka,2022-08-06,1900-01-01,9999-12-31,True
1902,1902,Pune,Maharashtra,2020-12-10,1900-01-01,9999-12-31,True
1903,1903,Lucknow,Uttar Pradesh,2021-09-01,1900-01-01,9999-12-31,True
1904,1904,Bengaluru,Karnataka,2019-03-09,1900-01-01,9999-12-31,True
1905,1905,Lucknow,Uttar Pradesh,2022-12-08,1900-01-01,9999-12-31,True
1906,1906,Bhubaneswar,Odisha,2019-08-04,1900-01-01,9999-12-31,True
1907,1907,Patna,Bihar,2019-09-29,1900-01-01,9999-12-31,True
1908,1908,Pune,Maharashtra,2019-03-09,1900-01-01,9999-12-31,True
1909,1909,Patna,Bihar,2022-04-08,1900-01-01,9999-12-31,True
1910,1910,Jaipur,Rajasthan,2020-03-18,1900-01-01,9999-12-31,True
1911,1911,Bhubaneswar,Odisha,2019-11-11,1900-01-01,9999-12-31,True
1912,1912,Bengaluru,Karnataka,2023-02-06,1900-01-01,9999-12-31,True
1913,1913,Kolkata,West Bengal,2022-01-20,1900-01-01,9999-12-31,True
1914,1914,Guwahati,Assam,2019-07-28,1900-01-01,9999-12-31,True
1915,1915,Patna,Bihar,2023-01-08,1900-01-01,9999-12-31,True
1916,1916,Guwahati,Assam,2023-01-21,1900-01-01,9999-12-31,True
1917,1917,Kochi,Kerala,2019-08-09,1900-01-01,9999-12-31,True
1918,1918,Patna,Bihar,2023-03-07,1900-01-01,9999-12-31,True
1919,1919,Kolkata,West Bengal,2021-12-18,1900-01-01,9999-12-31,True
1920,1920,Delhi,Delhi,2019-08-09,1900-01-01,9999-12-31,True
1921,1921,Lucknow,Uttar Pradesh,2019-11-03,1900-01-01,9999-12-31,True
1922,1922,Kochi,Kerala,2021-03-11,1900-01-01,9999-12-31,True
1923,1923,Chennai,Tamil Nadu,2019-07-02,1900-01-01,9999-12-31,True
1924,1924,Lucknow,Uttar Pradesh,2019-01-29,1900-01-01,9999-12-31,True
1925,1925,Patna,Bihar,2019-01-12,1900-01-01,9999-12-31,True
1926,1926,Guwahati,Assam,2022-07-13,1900-01-01,9999-12-31,True
1927,1927,Mumbai,Maharashtra,2022-06-19,1900-01-01,9999-12-31,True
1928,1928,Hyderabad,Telangana,2020-01-12,1900-01-01,9999-12-31,True
1929,1929,Bhubaneswar,Odisha,2021-04-02,1900-01-01,9999-12-31,True
1930,1930,Bengaluru,Karnataka,2022-01-19,1900-01-01,9999-12-31,True
1931,1931,Pune,Maharashtra,2022-08-01,1900-01-01,9999-12-31,True
1932,1932,Lucknow,Uttar Pradesh,2020-09-26,1900-01-01,9999-12-31,True
1933,1933,Guwahati,Assam,2019-12-17,1900-01-01,9999-12-31,True
1934,1934,Mumbai,Maharashtra,2023-04-24,1900-01-01,9999-12-31,True
1935,1935,Hyderabad,Telangana,2021-04-27,1900-01-01,9999-12-31,True
1936,1936,Kochi,Kerala,2019-04-07,1900-01-01,9999-12-31,True
1937,1937,Kochi,Kerala,2022-06-04,1900-01-01,9999-12-31,True
1938,1938,Chandigarh,Chandigarh,2019-11-18,1900-01-01,9999-12-31,True
1939,1939,Kochi,Kerala,2022-03-22,1900-01-01,9999-12-31,True
1940,1940,Ahmedabad,Gujarat,2021-03-04,1900-01-01,9999-12-31,True
1941,1941,Mumbai,Maharashtra,2019-03-21,1900-01-01,9999-12-31,True
1942,1942,Mumbai,Maharashtra,2019-11-17,1900-01-01,9999-12-31,True
1943,1943,Kochi,Kerala,2021-07-28,1900-01-01,9999-12-31,True
1944,1944,Bhubaneswar,Odisha,2022-08-09,1900-01-01,9999-12-31,True
1945,1945,Guwahati,Assam,2019-12-29,1900-01-01,9999-12-31,True
1946,1946,Guwahati,Assam,2022-11-22,1900-01-01,9999-12-31,True
1947,1947,Guwahati,Assam,2019-06-28,1900-01-01,9999-12-31,True
1948,1948,Guwahati,Assam,2020-11-16,1900-01-01,9999-12-31,True
1949,1949,Chandigarh,Chandigarh,2021-05-09,1900-01-01,9999-12-31,True
1950,1950,Chandigarh,Chandigarh,2023-06-14,1900-01-01,9999-12-31,True
1951,1951,Ahmedabad,Gujarat,2023-08-21,1900-01-01,9999-12-31,True
1952,1952,Lucknow,Uttar Pradesh,2020-12-07,1900-01-01,9999-12-31,True
1953,1953,Kolkata,West Bengal,2022-08-06,1900-01-01,9999-12-31,True
1954,1954,Chennai,Tamil Nadu,2020-01-05,1900-01-01,9999-12-31,True
1955,1955,Delhi,Delhi,2022-06-17,1900-01-01,9999-12-31,True
1956,1956,Kolkata,West Bengal,2019-09-07,1900-01-01,9999-12-31,True
1957,1957,Pune,Maharashtra,2021-02-02,1900-01-01,9999-12-31,True
1958,1958,Chandigarh,Chandigarh,2023-06-06,1900-01-01,9999-12-31,True
1959,1959,Guwahati,Assam,2021-11-21,1900-01-01,9999-12-31,True
1960,1960,Bhubaneswar,Odisha,2021-01-21,1900-01-01,9999-12-31,True
1961,1961,Bengaluru,Karnataka,2021-12-15,1900-01-01,9999-12-31,True
1962,1962,Hyderabad,Telangana,2019-01-27,1900-01-01,9999-12-31,True
1963,1963,Lucknow,Uttar Pradesh,2020-03-28,1900-01-01,9999-12-31,True
1964,1964,Chennai,Tamil Nadu,2023-06-16,1900-01-01,9999-12-31,True
1965,1965,Pune,Maharashtra,2021-02-01,1900-01-01,9999-12-31,True
1966,1966,Pune,Maharashtra,2023-12-15,1900-01-01,9999-12-31,True
1967,1967,Pune,Maharashtra,2021-02-15,1900-01-01,9999-12-31,True
1968,1968,Delhi,Delhi,2023-01-17,1900-01-01,9999-12-31,True
1969,1969,Hyderabad,Telangana,2021-06-22,1900-01-01,9999-12-31,True
1970,1970,Guwahati,Assam,2022-06-19,1900-01-01,9999-12-31,True
1971,1971,Chandigarh,Chandigarh,2019-08-31,1900-01-01,9999-12-31,True
1972,1972,Bengaluru,Karnataka,2022-03-27,1900-01-01,9999-12-31,True
1973,1973,Bengaluru,Karnataka,2021-05-25,1900-01-01,9999-12-31,True
1974,1974,Mumbai,Maharashtra,2022-07-07,1900-01-01,9999-12-31,True
1975,1975,Jaipur,Rajasthan,2021-04-26,1900-01-01,9999-12-31,True
1976,1976,Mumbai,Maharashtra,2019-12-04,1900-01-01,9999-12-31,True
1977,1977,Jaipur,Rajasthan,2022-07-08,1900-01-01,9999-12-31,True
1978,1978,Lucknow,Uttar Pradesh,2020-12-03,1900-01-01,9999-12-31,True
1979,1979,Bengaluru,Karnataka,2019-03-01,1900-01-01,9999-12-31,True
1980,1980,Mumbai,Maharashtra,2022-06-27,1900-01-01,9999-12-31,True
1981,1981,Kolkata,West Bengal,2022-02-06,1900-01-01,9999-12-31,True
1982,1982,Guwahati,Assam,2021-07-28,1900-01-01,9999-12-31,True
1983,1983,Bhubaneswar,Odisha,2019-07-22,1900-01-01,9999-12-31,True
1984,1984,Lucknow,Uttar Pradesh,2022-02-03,1900-01-01,9999-12-31,True
1985,1985,Hyderabad,Telangana,2019-11-16,1900-01-01,9999-12-31,True
1986,1986,Bhubaneswar,Odisha,2019-09-10,1900-01-01,9999-12-31,True
1987,1987,Chennai,Tamil Nadu,2021-09-11,1900-01-01,9999-12-31,True
1988,1988,Jaipur,Rajasthan,2022-10-06,1900-01-01,9999-12-31,True
1989,1989,Jaipur,Rajasthan,2020-10-05,1900-01-01,9999-12-31,True
1990,1990,Kolkata,West Bengal,2022-05-26,1900-01-01,9999-12-31,True
1991,1991,Mumbai,Maharashtra,2019-04-26,1900-01-01,9999-12-31,True
1992,1992,Pune,Maharashtra,2021-06-06,1900-01-01,9999-12-31,True
1993,1993,Jaipur,Rajasthan,2022-07-19,1900-01-01,9999-12-31,True
1994,1994,Pune,Maharashtra,2022-02-07,1900-01-01,9999-12-31,True
1995,1995,Patna,Bihar,2023-06-16,1900-01-01,9999-12-31,True
1996,1996,Jaipur,Rajasthan,2019-05-27,1900-01-01,9999-12-31,True
1997,1997,Hyderabad,Telangana,2023-10-15,1900-01-01,9999-12-31,True
1998,1998,Kolkata,West Bengal,2019-10-28,1900-01-01,9999-12-31,True
1999,1999,Mumbai,Maharashtra,2021-06-24,1900-01-01,9999-12-31,True
2000,2000,Chennai,Tamil Nadu,2023-10-04,1900-01-01,9999-12-31,True
2047,2001,Pune,Maharashtra,2026-10-01,1900-01-01,9999-12-31,True
2048,2002,Hyderabad,Telangana,2026-10-01,1900-01-01,9999-12-31,True
2049,2003,Delhi,Delhi,2026-10-01,1900-01-01,9999-12-31,True
2050,2004,Pune,Maharashtra,2026-10-01,1900-01-01,9999-12-31,True
2051,2005,Kolkata,West Bengal,2026-10-01,1900-01-01,9999-12-31,True
2052,2006,Hyderabad,Telangana,2026-10-01,1900-01-01,9999-12-31,True
2053,2007,Hyderabad,Telangana,2026-10-01,1900-01-01,9999-12-31,True
2054,2008,Bengaluru,Karnataka,2026-10-01,1900-01-01,9999-12-31,True
2055,2009,Chandigarh,Chandigarh,2026-10-01,1900-01-01,9999-12-31,True
2056,2010,Bengaluru,Karnataka,2026-10-01,1900-01-01,9999-12-31,True
